



INSERT INTO `auth_user` (`id`, `password`, `last_login`, `is_superuser`, `username`, `first_name`, `last_name`, `email`, `is_staff`, `is_active`, `date_joined`) VALUES(1, 'pbkdf2_sha256$180000$Rfuu97nCnFhR$u7cN6uvqmb2FPwhjfNX98lyTimBAzEYbUJwn5mV2ljk=', '2020-04-12 03:07:56.606091', 1, 'yair', '', '', 'u@gmail.com', 1, 1, '2020-03-26 00:35:07.699398');
INSERT INTO `auth_user` (`id`, `password`, `last_login`, `is_superuser`, `username`, `first_name`, `last_name`, `email`, `is_staff`, `is_active`, `date_joined`) VALUES(2, 'pbkdf2_sha256$180000$3PLEvXacxtoR$QZNJ8Nu9UYjUOAKy+v1fNJyGinUw4W2uTwMPWN6S+38=', NULL, 1, 'gzepeda', '', '', 'a@b.com', 1, 1, '2020-03-26 00:38:22.629237');
INSERT INTO `auth_user` (`id`, `password`, `last_login`, `is_superuser`, `username`, `first_name`, `last_name`, `email`, `is_staff`, `is_active`, `date_joined`) VALUES(146, 'pbkdf2_sha256$180000$lZQyVmJeWyEN$o+nVF7s7ikDN5SBPo0gD5CiiijgcIC5JrW9dE5oVclA=', NULL, 0, 'karlagaag', 'KARLA', 'GARCIA', 'noaplica@noaplica.com', 0, 1, '2020-03-26 02:48:54.587361');
INSERT INTO `auth_user` (`id`, `password`, `last_login`, `is_superuser`, `username`, `first_name`, `last_name`, `email`, `is_staff`, `is_active`, `date_joined`) VALUES(147, 'pbkdf2_sha256$180000$EjmwtWahRsw1$gA5t6LqlthO4vbQQEmVvzSDvRMQ87MMMWBLDbBKhpbw=', NULL, 0, 'armandoac', 'ARMANDO', 'ACUÑA', 'aacardiel@hotmail.com', 0, 1, '2020-03-26 02:48:56.619650');
INSERT INTO `auth_user` (`id`, `password`, `last_login`, `is_superuser`, `username`, `first_name`, `last_name`, `email`, `is_staff`, `is_active`, `date_joined`) VALUES(148, 'pbkdf2_sha256$180000$nsmRrUVIi01v$KyP5lmcUK24tAA4AJ5BnA38DQWwDP6vTNAqX9KcQDrk=', '2020-04-12 02:49:52.732453', 0, 'normapi', 'NORMA', 'PINEDO', 'noaplica@noaplica.com', 0, 1, '2020-03-26 02:48:58.421586');
INSERT INTO `auth_user` (`id`, `password`, `last_login`, `is_superuser`, `username`, `first_name`, `last_name`, `email`, `is_staff`, `is_active`, `date_joined`) VALUES(149, 'pbkdf2_sha256$180000$T6wg6u8Gh3C4$3YVOqmBrgkpq2ZcFgtEUCXZfuyde4KpeJI9Yq4OlF6M=', NULL, 0, 'luisfena', 'LUIS', 'FERNANDO', 'luis_cidra@hotmail.com', 0, 1, '2020-03-26 02:49:00.045857');
INSERT INTO `auth_user` (`id`, `password`, `last_login`, `is_superuser`, `username`, `first_name`, `last_name`, `email`, `is_staff`, `is_active`, `date_joined`) VALUES(150, 'pbkdf2_sha256$180000$79i5GKa4dCzy$o7iLtJixReh9DZZ2IQE2pM7sY2EgRtY1U6ZO2wiKTT0=', NULL, 0, 'carmenso', 'CARMEN', 'SORIANO', 'maricarmen.soriano23@hotmail.com', 0, 1, '2020-03-26 02:49:01.786718');
INSERT INTO `auth_user` (`id`, `password`, `last_login`, `is_superuser`, `username`, `first_name`, `last_name`, `email`, `is_staff`, `is_active`, `date_joined`) VALUES(151, 'pbkdf2_sha256$180000$QflTu6BlfMff$avhigsmgKDQQlnOSaV/lF6ZJSWw81EKATpgyxC37oS4=', NULL, 0, 'irvinpeca', 'IRVIN', 'PEREZ', 'noaplica@noaplica.com', 0, 1, '2020-03-26 02:49:03.559679');
INSERT INTO `auth_user` (`id`, `password`, `last_login`, `is_superuser`, `username`, `first_name`, `last_name`, `email`, `is_staff`, `is_active`, `date_joined`) VALUES(152, 'pbkdf2_sha256$180000$XFTWneL3udYt$5XbIDtF7/CzEnZuMJm4Dix+qLcqFNkelkzTNac9mjWA=', NULL, 0, 'citlaligo', 'CITLALI', 'GOMEZ', 'citla_star26@hotmail.com', 0, 1, '2020-03-26 02:49:05.417673');
INSERT INTO `auth_user` (`id`, `password`, `last_login`, `is_superuser`, `username`, `first_name`, `last_name`, `email`, `is_staff`, `is_active`, `date_joined`) VALUES(153, 'pbkdf2_sha256$180000$JQiBybTcJPij$DGNThYNIwkkH0HsTt352zVxnnxMuzv9VhVmOz41McdU=', NULL, 0, 'karlarech', 'KARLA', 'REYES', 'karlaxtabay@hotmail.com', 0, 1, '2020-03-26 02:49:07.076550');
INSERT INTO `auth_user` (`id`, `password`, `last_login`, `is_superuser`, `username`, `first_name`, `last_name`, `email`, `is_staff`, `is_active`, `date_joined`) VALUES(154, 'pbkdf2_sha256$180000$P1HSxUbDCrTx$rUKxXnJQVeOWDfrZ/bfOXMgOSYFhSS4LueYHrel8HSs=', NULL, 0, 'marcodigo', 'MARCO EMMANUEL', 'DIAZ', 'noaplica@noaplica.com', 0, 1, '2020-03-26 02:54:58.678291');
INSERT INTO `auth_user` (`id`, `password`, `last_login`, `is_superuser`, `username`, `first_name`, `last_name`, `email`, `is_staff`, `is_active`, `date_joined`) VALUES(155, 'pbkdf2_sha256$180000$FP2zecaldSA0$efo0xo4xT5QAF8oXJi4BgJy1hFRQhAMERUr5XTAYA0Q=', NULL, 0, 'ruthbe', 'RUTH', 'BELMONTES', 'ruth_belmontes@hotmail.com', 0, 1, '2020-03-26 02:55:00.637231');
INSERT INTO `auth_user` (`id`, `password`, `last_login`, `is_superuser`, `username`, `first_name`, `last_name`, `email`, `is_staff`, `is_active`, `date_joined`) VALUES(156, 'pbkdf2_sha256$180000$ivR6ncvfa12S$XIFnTCea8W+kKkEwtB3s9SkbXPGnDpq3Qn/+CS+YZGA=', NULL, 0, 'alejandrogi', 'ALEJANDRO', 'GIL', 'noaplica@noaplica.com', 0, 1, '2020-03-26 02:55:02.351892');
INSERT INTO `auth_user` (`id`, `password`, `last_login`, `is_superuser`, `username`, `first_name`, `last_name`, `email`, `is_staff`, `is_active`, `date_joined`) VALUES(157, 'pbkdf2_sha256$180000$hCnQc9lX502U$0BG+t822+b8GCqVFFJWsDinbNK1YECk/8uXayhZRgDE=', NULL, 0, 'valeriasaba', 'VALERIA MARLEN', 'SANCHEZ', 'noaplica@noaplica.com', 0, 1, '2020-03-26 02:55:04.063498');
INSERT INTO `auth_user` (`id`, `password`, `last_login`, `is_superuser`, `username`, `first_name`, `last_name`, `email`, `is_staff`, `is_active`, `date_joined`) VALUES(158, 'pbkdf2_sha256$180000$yytYbbQWzRQo$Ja1owOATOYvmdFl8lxp2EjqZIkIwfR1OBhH09dko6II=', NULL, 0, 'adolfoheva', 'ADOLFO', 'HERNANDEZ', 'hfito@hotmail.com', 0, 1, '2020-03-26 02:55:05.801148');
INSERT INTO `auth_user` (`id`, `password`, `last_login`, `is_superuser`, `username`, `first_name`, `last_name`, `email`, `is_staff`, `is_active`, `date_joined`) VALUES(159, 'pbkdf2_sha256$180000$7neMDPzDSMSg$QhT6Q/YF4R+URfD4ndQeR/Y27dsopd91wjOS9eyn0F4=', NULL, 0, 'felipecasa', 'FELIPE DE JESUS', 'CASTAÑEDA', 'noaplica@noaplica.com', 0, 1, '2020-03-26 02:55:07.428453');
INSERT INTO `auth_user` (`id`, `password`, `last_login`, `is_superuser`, `username`, `first_name`, `last_name`, `email`, `is_staff`, `is_active`, `date_joined`) VALUES(160, 'pbkdf2_sha256$180000$HooVGh6h9DUa$JknUwfy/K8t4VTWWHK64wYLKlNlmjvMdQSKSw3IFtW0=', NULL, 0, 'mariogu', 'MARIO', 'GUTIERREZ', 'noaplica@noaplica.com', 0, 1, '2020-03-26 02:55:09.259858');
INSERT INTO `auth_user` (`id`, `password`, `last_login`, `is_superuser`, `username`, `first_name`, `last_name`, `email`, `is_staff`, `is_active`, `date_joined`) VALUES(161, 'pbkdf2_sha256$180000$VhL3eQvR6QPb$zpa44i+D5sksNKMl3qNNzX1V7u2UwvuQ08aqD07IEFQ=', NULL, 0, 'ma.flmo', 'MA. RUTH', 'FLORES', 'ruthfmbmc@hotmail.com', 0, 1, '2020-03-26 02:55:10.985160');
INSERT INTO `auth_user` (`id`, `password`, `last_login`, `is_superuser`, `username`, `first_name`, `last_name`, `email`, `is_staff`, `is_active`, `date_joined`) VALUES(162, 'pbkdf2_sha256$180000$SyRp3L06iHVq$SYn8vnbdH5hvfmJfHVijez8kfDkgGlWnbMhqelP93Hc=', NULL, 0, 'agustincrma', 'AGUSTIN', 'CRUZ', 'noaplica@noaplica.com', 0, 1, '2020-03-26 02:55:19.865285');
INSERT INTO `auth_user` (`id`, `password`, `last_login`, `is_superuser`, `username`, `first_name`, `last_name`, `email`, `is_staff`, `is_active`, `date_joined`) VALUES(163, 'pbkdf2_sha256$180000$ePZsGeOOd5QR$9GHvKwBs0ZkVCXBLFChxSX0YNZJfC7wCIjzzFO2hchQ=', NULL, 0, 'anamaco', 'ANA', 'MANILLA', 'noaplica@noaplica.com', 0, 1, '2020-03-26 02:55:21.759385');
INSERT INTO `auth_user` (`id`, `password`, `last_login`, `is_superuser`, `username`, `first_name`, `last_name`, `email`, `is_staff`, `is_active`, `date_joined`) VALUES(164, 'pbkdf2_sha256$180000$w2uyuiPSwb0P$9tfIUTqHnJtxRXPxNCFgZbkhzzVUo48XsMB/wdCR/LA=', NULL, 0, 'bernardoneto', 'BERNARDO ALBERTO', 'NERI', 'bernardo_neri@hotmail.com', 0, 1, '2020-03-26 02:55:23.457293');
INSERT INTO `auth_user` (`id`, `password`, `last_login`, `is_superuser`, `username`, `first_name`, `last_name`, `email`, `is_staff`, `is_active`, `date_joined`) VALUES(165, 'pbkdf2_sha256$180000$5hPXgpwzWfNi$0U1eQRIOEet5vc9A91jHfZ2+ZQe0RArw/5ikW67FlkI=', NULL, 0, 'jairabaga', 'JAIRA LIZETH', 'BARRAGA', 'jairalizeth@hotmail.com', 0, 1, '2020-03-26 02:55:25.268289');
INSERT INTO `auth_user` (`id`, `password`, `last_login`, `is_superuser`, `username`, `first_name`, `last_name`, `email`, `is_staff`, `is_active`, `date_joined`) VALUES(166, 'pbkdf2_sha256$180000$rh0QIUcdVRc3$Ewd1Q9yUWG3dk96XUx61765wOkc90UL94ZLbgg+Fhyk=', NULL, 0, 'ernestopeg.', 'ERNESTO', 'PESCI', 'noaplica@noaplica.com', 0, 1, '2020-03-26 02:55:26.878026');
INSERT INTO `auth_user` (`id`, `password`, `last_login`, `is_superuser`, `username`, `first_name`, `last_name`, `email`, `is_staff`, `is_active`, `date_joined`) VALUES(167, 'pbkdf2_sha256$180000$qT5OySfnjfDV$1hrdAIN/8miO/dO3KaSqonC0dn/ntlbLusOBYZCeojA=', NULL, 0, 'juande', 'JUAN OMAR', 'DE LA ROSA', 'noaplica@noaplica.com', 0, 1, '2020-03-26 02:55:28.692097');
INSERT INTO `auth_user` (`id`, `password`, `last_login`, `is_superuser`, `username`, `first_name`, `last_name`, `email`, `is_staff`, `is_active`, `date_joined`) VALUES(168, 'pbkdf2_sha256$180000$XMOMVdEIqOqQ$gCDKA0EZxNhLOlY7xLJJC4SEcTMzRJ2/J6IxGhKKIFI=', NULL, 0, 'antoniopema', 'ANTONIO', 'PEREZ', 'noaplica@noaplica.com', 0, 1, '2020-03-26 02:55:30.564334');
INSERT INTO `auth_user` (`id`, `password`, `last_login`, `is_superuser`, `username`, `first_name`, `last_name`, `email`, `is_staff`, `is_active`, `date_joined`) VALUES(169, 'pbkdf2_sha256$180000$cyVDU3zK5rrV$+1/GMtVS0Ss/VETKkjH01S8buXlIyyz28KcY+ZuVPOQ=', NULL, 0, 'sandraesso', 'SANDRA', 'ESCAMILLA', 'noaplica@noaplica.com', 0, 1, '2020-03-26 02:55:32.394351');
INSERT INTO `auth_user` (`id`, `password`, `last_login`, `is_superuser`, `username`, `first_name`, `last_name`, `email`, `is_staff`, `is_active`, `date_joined`) VALUES(170, 'pbkdf2_sha256$180000$lvyCVs0hEVTB$NQXeqs4msmdfqt9UQARhc4a39ZWL8xGQH6v6Ghw6wFI=', NULL, 0, 'sandraesso0', 'SANDRA', 'ESCAMILLA', 'noaplica@noaplica.com', 0, 1, '2020-03-26 02:55:38.965591');
INSERT INTO `auth_user` (`id`, `password`, `last_login`, `is_superuser`, `username`, `first_name`, `last_name`, `email`, `is_staff`, `is_active`, `date_joined`) VALUES(171, 'pbkdf2_sha256$180000$l8OWzVeU4udu$SkPcuF9vphDaextBu08Pxrj6hcD/cgtdw89j/NTMjM8=', NULL, 0, 'carlosrore', 'CARLOS ALBERTO', 'ROMAN', 'noaplica@noaplica.com', 0, 1, '2020-03-26 02:55:40.852304');
INSERT INTO `auth_user` (`id`, `password`, `last_login`, `is_superuser`, `username`, `first_name`, `last_name`, `email`, `is_staff`, `is_active`, `date_joined`) VALUES(172, 'pbkdf2_sha256$180000$dNmems0tOslC$thakThIX46eL9fQmH4riMFNpusOPpQT857f3v0Q/0GA=', NULL, 0, 'alejandroma', 'ALEJANDRO', 'MARTINEZ', 'noaplica@noaplica.com', 0, 1, '2020-03-26 02:55:42.562694');
INSERT INTO `auth_user` (`id`, `password`, `last_login`, `is_superuser`, `username`, `first_name`, `last_name`, `email`, `is_staff`, `is_active`, `date_joined`) VALUES(173, 'pbkdf2_sha256$180000$SdO3zM2LIjOc$9vigCxkgrHRsKotWy++bn8V3asIG9aDTw3Tzdyae5so=', NULL, 0, 'rafaelpasa', 'RAFAEL', 'PASILLAS', 'noaplica@noaplica.com', 0, 1, '2020-03-26 02:55:44.311055');
INSERT INTO `auth_user` (`id`, `password`, `last_login`, `is_superuser`, `username`, `first_name`, `last_name`, `email`, `is_staff`, `is_active`, `date_joined`) VALUES(174, 'pbkdf2_sha256$180000$XJSjldujpMNm$hsW6A/1M8+PfBH5ceJFqEGWgEWvHmF+Y6Hg7So+r5Pc=', NULL, 0, 'barbaraalca', 'BARBARA', 'ALICIA', 'noaplica@noaplica.com', 0, 1, '2020-03-26 02:55:46.034292');
INSERT INTO `auth_user` (`id`, `password`, `last_login`, `is_superuser`, `username`, `first_name`, `last_name`, `email`, `is_staff`, `is_active`, `date_joined`) VALUES(175, 'pbkdf2_sha256$180000$m2gt5nTYsboH$jqpok4yGU6ayKC/7CyNaLp7xaf+Z/MWZG9hc62FN9MQ=', NULL, 0, 'edgaracmo', 'EDGAR', 'ACOSTA', 'noaplica@noaplica.com', 0, 1, '2020-03-26 02:55:47.755552');
INSERT INTO `auth_user` (`id`, `password`, `last_login`, `is_superuser`, `username`, `first_name`, `last_name`, `email`, `is_staff`, `is_active`, `date_joined`) VALUES(176, 'pbkdf2_sha256$180000$zKx8dc5LuFsD$wzVPur5l6KMUPRwPwmVDV90cX3hfwN0TB1CD43zEyWs=', NULL, 0, 'marcelaga', 'MARCELA', 'GARCES', 'noaplica@noaplica.com', 0, 1, '2020-03-26 02:55:49.481248');
INSERT INTO `auth_user` (`id`, `password`, `last_login`, `is_superuser`, `username`, `first_name`, `last_name`, `email`, `is_staff`, `is_active`, `date_joined`) VALUES(177, 'pbkdf2_sha256$180000$85GN9K3PQgvr$IEQUc0burdESKCqIy0rM1tw2gXBuX2fHhFQRI3241ac=', NULL, 0, 'javiergaro', 'JAVIER', 'GAMBOA', 'noaplica@noaplica.com', 0, 1, '2020-03-26 02:55:51.104902');
INSERT INTO `auth_user` (`id`, `password`, `last_login`, `is_superuser`, `username`, `first_name`, `last_name`, `email`, `is_staff`, `is_active`, `date_joined`) VALUES(178, 'pbkdf2_sha256$180000$OApnPV6F6Ihm$Bn1L1cbw+cfDHfTiXtHmg5M6nBgF5qQLDJ6OS0lFuKs=', NULL, 0, 'luismanu', 'LUIS', 'MARIANO', 'noaplica@noaplica.com', 0, 1, '2020-03-26 02:55:58.322443');
INSERT INTO `auth_user` (`id`, `password`, `last_login`, `is_superuser`, `username`, `first_name`, `last_name`, `email`, `is_staff`, `is_active`, `date_joined`) VALUES(179, 'pbkdf2_sha256$180000$EuCAWDjDbQTi$8Mm1W20ZSrLmO40yHD6q5zf6gF7mFk6skFZSr6YlceE=', NULL, 0, 'nardarugo', 'NARDA', 'RUIZ', 'noaplica@noaplica.com', 0, 1, '2020-03-26 02:56:00.372922');
INSERT INTO `auth_user` (`id`, `password`, `last_login`, `is_superuser`, `username`, `first_name`, `last_name`, `email`, `is_staff`, `is_active`, `date_joined`) VALUES(180, 'pbkdf2_sha256$180000$rPGTBVlhDY9A$Q/5iU3NkWGCo5LPjOCY10PfIYOK/ynN5GhQ5P+3M2iM=', NULL, 0, 'consuelogaor', 'CONSUELO', 'GAMON', 'noaplica@noaplica.com', 0, 1, '2020-03-26 02:56:02.215163');
INSERT INTO `auth_user` (`id`, `password`, `last_login`, `is_superuser`, `username`, `first_name`, `last_name`, `email`, `is_staff`, `is_active`, `date_joined`) VALUES(181, 'pbkdf2_sha256$180000$Lm6mNaxovnW5$KcNZN2gt9TztfYS9hxER2c3ypnBRLoK9Y87aek6m+x0=', NULL, 0, 'carloscaul', 'CARLOS', 'CASTRO', 'noaplica@noaplica.com', 0, 1, '2020-03-26 02:56:04.079031');
INSERT INTO `auth_user` (`id`, `password`, `last_login`, `is_superuser`, `username`, `first_name`, `last_name`, `email`, `is_staff`, `is_active`, `date_joined`) VALUES(182, 'pbkdf2_sha256$180000$RNHzUShsMhX4$RUIzq6pNZA76xwwfr2S9JjhUTcKLLuqFltyjTkAVuJw=', NULL, 0, 'rosibeldova', 'ROSIBEL', 'DOMINGUEZ', 'noaplica@noaplica.com', 0, 1, '2020-03-26 02:56:05.934275');
INSERT INTO `auth_user` (`id`, `password`, `last_login`, `is_superuser`, `username`, `first_name`, `last_name`, `email`, `is_staff`, `is_active`, `date_joined`) VALUES(183, 'pbkdf2_sha256$180000$wdNcNZo0iXAM$cYKl5BCsB2lYYvWsi9PS21rdh8CrwmjR81tLx0uzMSk=', NULL, 0, 'gabrielarri', 'GABRIEL', 'ARMANDO', 'noaplica@noaplica.com', 0, 1, '2020-03-26 02:56:07.645577');
INSERT INTO `auth_user` (`id`, `password`, `last_login`, `is_superuser`, `username`, `first_name`, `last_name`, `email`, `is_staff`, `is_active`, `date_joined`) VALUES(184, 'pbkdf2_sha256$180000$MKrcfgW3DwZR$Mzitd4bOnbzMAAon4Fv8WA1bigmQ8pv5KClaaJUNgsM=', NULL, 0, 'jorgerema', 'JORGE ESQUIVEL', 'REYES', 'noaplica@noaplica.com', 0, 1, '2020-03-26 02:56:09.405976');
INSERT INTO `auth_user` (`id`, `password`, `last_login`, `is_superuser`, `username`, `first_name`, `last_name`, `email`, `is_staff`, `is_active`, `date_joined`) VALUES(185, 'pbkdf2_sha256$180000$9cmICmuLpzFB$+nFwjDjtbWpA47Ma1gFBIHq2FmBcFgL6MJGhsuB5Tvs=', NULL, 0, 'ramirora', 'RAMIRO', 'RAMIREZ', 'manda_28@hotmail.es', 0, 1, '2020-03-26 02:56:11.251691');
INSERT INTO `auth_user` (`id`, `password`, `last_login`, `is_superuser`, `username`, `first_name`, `last_name`, `email`, `is_staff`, `is_active`, `date_joined`) VALUES(186, 'pbkdf2_sha256$180000$fPI9j36IcgQs$T5FYCc0qmWZBKMmDw3mr2wljUHGAYkb0HDXFqJQSNLI=', NULL, 0, 'estefaniara', 'ESTEFANIA', 'RAMIREZ', 'noaplica@noaplica.com', 0, 1, '2020-03-26 02:56:19.309674');
INSERT INTO `auth_user` (`id`, `password`, `last_login`, `is_superuser`, `username`, `first_name`, `last_name`, `email`, `is_staff`, `is_active`, `date_joined`) VALUES(187, 'pbkdf2_sha256$180000$1r6uQ7QnyxKC$oFMZDZwF7DaalGyweH1GlgrNv5ncWi2pTixU3LseJxo=', NULL, 0, 'rodolforode', 'RODOLFO', 'RODRIGUEZ', 'rodoxerxez@hotmail.com', 0, 1, '2020-03-26 02:56:21.209156');
INSERT INTO `auth_user` (`id`, `password`, `last_login`, `is_superuser`, `username`, `first_name`, `last_name`, `email`, `is_staff`, `is_active`, `date_joined`) VALUES(188, 'pbkdf2_sha256$180000$ENObh8I5amO7$Pt+XlpWBg81byV14k2+r9vEAGtKvfA3NXy1WGBwMWMA=', NULL, 0, 'lilianacasa', 'LILIANA', 'CASTILLO', 'lilikiut@hotmail.com', 0, 1, '2020-03-26 02:56:22.968858');
INSERT INTO `auth_user` (`id`, `password`, `last_login`, `is_superuser`, `username`, `first_name`, `last_name`, `email`, `is_staff`, `is_active`, `date_joined`) VALUES(189, 'pbkdf2_sha256$180000$UycRAhJxdpt9$3UA1kaNl1Ze+x7IcHpe8ig3meXF78fSg/5KYv3YVHRc=', NULL, 0, 'mariamaro', 'MARIA', 'MAGDALENA', 'magdofiz@hotmail.com', 0, 1, '2020-03-26 02:56:24.492825');
INSERT INTO `auth_user` (`id`, `password`, `last_login`, `is_superuser`, `username`, `first_name`, `last_name`, `email`, `is_staff`, `is_active`, `date_joined`) VALUES(190, 'pbkdf2_sha256$180000$znNLWGx9TXdU$txsFFJ5S88gmGxSuUu/jWeZ/B498UeCVoV0ihWaQYsw=', NULL, 0, 'luisarve', 'LUIS', 'ARMANDO', 'noaplica@noaplica.com', 0, 1, '2020-03-26 02:56:26.264871');
INSERT INTO `auth_user` (`id`, `password`, `last_login`, `is_superuser`, `username`, `first_name`, `last_name`, `email`, `is_staff`, `is_active`, `date_joined`) VALUES(191, 'pbkdf2_sha256$180000$Ik1vnsO0fyPa$HmTxwXqrRSwud/vEMV+yyEuYb/QjSvwmusVs85r4050=', NULL, 0, 'rociomaor', 'ROCIO', 'MARIBEL', 'noaplica@noaplica.com', 0, 1, '2020-03-26 02:56:28.014521');
INSERT INTO `auth_user` (`id`, `password`, `last_login`, `is_superuser`, `username`, `first_name`, `last_name`, `email`, `is_staff`, `is_active`, `date_joined`) VALUES(192, 'pbkdf2_sha256$180000$VTvLc86rqYMP$fxxe+Ab9KjDWZFygkyXhwjeIaLeoA11dw+YlgHalPjU=', NULL, 0, 'erikra', 'ERIK', 'RAMOS', 'noaplica@noaplica.com', 0, 1, '2020-03-26 02:56:29.614227');
INSERT INTO `auth_user` (`id`, `password`, `last_login`, `is_superuser`, `username`, `first_name`, `last_name`, `email`, `is_staff`, `is_active`, `date_joined`) VALUES(193, 'pbkdf2_sha256$180000$6ttKRV5GNmgV$XANDq1fpsopE0B2j/6Cj5D/hfzLIS73300tRlDJ3d1s=', NULL, 0, 'oscarceva', 'OSCAR', 'CERVANTES', 'noaplica@noaplica.com', 0, 1, '2020-03-26 02:56:31.407866');
INSERT INTO `auth_user` (`id`, `password`, `last_login`, `is_superuser`, `username`, `first_name`, `last_name`, `email`, `is_staff`, `is_active`, `date_joined`) VALUES(194, 'pbkdf2_sha256$180000$HC9G9JwmHFXu$d7c732a3PHmBcv8wTckHc4+o7dLHxtHPpGJ2wkUFEaw=', NULL, 0, 'carolinacalo', 'CAROLINA', 'CARRILLO', 'noaplica@noaplica.com', 0, 1, '2020-03-26 02:56:39.015346');
INSERT INTO `auth_user` (`id`, `password`, `last_login`, `is_superuser`, `username`, `first_name`, `last_name`, `email`, `is_staff`, `is_active`, `date_joined`) VALUES(195, 'pbkdf2_sha256$180000$b8edwm6uvup5$zjdIxhOeQ26ya0Yfh/xfNKK62QPZMfsHio7xoziL7rw=', NULL, 0, 'carlosse', 'CARLOS', 'SERRANO', 'noaplica@noaplica.com', 0, 1, '2020-03-26 02:56:40.806090');
INSERT INTO `auth_user` (`id`, `password`, `last_login`, `is_superuser`, `username`, `first_name`, `last_name`, `email`, `is_staff`, `is_active`, `date_joined`) VALUES(196, 'pbkdf2_sha256$180000$xeCkusSkEgOl$lBWvpKPQeYQATIfwGkk1botVod8/HDLYqBMRHDYy6jQ=', NULL, 0, 'doraceliheap', 'DORACELI', 'HERRERA', 'serra_20@gmail.com', 0, 1, '2020-03-26 02:56:42.513568');
INSERT INTO `auth_user` (`id`, `password`, `last_login`, `is_superuser`, `username`, `first_name`, `last_name`, `email`, `is_staff`, `is_active`, `date_joined`) VALUES(197, 'pbkdf2_sha256$180000$tr9NMXR9GpAH$ZRKEjskSBzFyWdI1kYJFgkepgcMQhNE2d6GVyTIPhRY=', NULL, 0, 'marthaveva', 'MARTHA', 'VENEGAS', 'flakitavenegas@yahoo.com.mx', 0, 1, '2020-03-26 02:56:44.212675');
INSERT INTO `auth_user` (`id`, `password`, `last_login`, `is_superuser`, `username`, `first_name`, `last_name`, `email`, `is_staff`, `is_active`, `date_joined`) VALUES(198, 'pbkdf2_sha256$180000$MKYpV2SAiVd0$XYoKGBnmcHbtVnEr/qZOnXCuL/lm12CdamOVZopeL78=', NULL, 0, 'rufinoveve', 'RUFINO', 'VEDOLLA', 'noaplica@noaplica.com', 0, 1, '2020-03-26 02:56:46.012195');
INSERT INTO `auth_user` (`id`, `password`, `last_login`, `is_superuser`, `username`, `first_name`, `last_name`, `email`, `is_staff`, `is_active`, `date_joined`) VALUES(199, 'pbkdf2_sha256$180000$radF0NpjmUj6$6Kpzwd/6ZfCW5dLSo4WCFDEcObKukWwWpW/UDWMChKc=', NULL, 0, 'ma.agga', 'MA. ELVIA', 'AGUILAR', 'noaplica@noaplica.com', 0, 1, '2020-03-26 02:56:47.828432');
INSERT INTO `auth_user` (`id`, `password`, `last_login`, `is_superuser`, `username`, `first_name`, `last_name`, `email`, `is_staff`, `is_active`, `date_joined`) VALUES(200, 'pbkdf2_sha256$180000$XF3c82CIZ1H8$moHl7ltcYDD0bB+QDIophjcL6pePwrftZVDJ+T7rjVA=', NULL, 0, 'crisbelhaca', 'CRISBEL', 'HANOY', 'melvia.aguilar@sazacatecas.gob.mx', 0, 1, '2020-03-26 02:56:49.738366');
INSERT INTO `auth_user` (`id`, `password`, `last_login`, `is_superuser`, `username`, `first_name`, `last_name`, `email`, `is_staff`, `is_active`, `date_joined`) VALUES(201, 'pbkdf2_sha256$180000$HapHonuVAe7N$ntAV4EJVRnk+5eeBK54rn/RvrZc3fuNez865m6kHKcM=', NULL, 0, 'marthasaro', 'MARTHA', 'SANTOS', 'noaplica@noaplica.com', 0, 1, '2020-03-26 02:56:51.373411');
INSERT INTO `auth_user` (`id`, `password`, `last_login`, `is_superuser`, `username`, `first_name`, `last_name`, `email`, `is_staff`, `is_active`, `date_joined`) VALUES(202, 'pbkdf2_sha256$180000$lQMDRhSPmtid$6IgmczvTW0w9OJM2p45cX3nwCg6Q/i6dRcdBaxnQlyU=', NULL, 0, 'enriquefero', 'ENRIQUE ALEJANDRO', 'FELIX', 'nhossis@hotmail.com', 0, 1, '2020-03-26 02:56:58.476506');
INSERT INTO `auth_user` (`id`, `password`, `last_login`, `is_superuser`, `username`, `first_name`, `last_name`, `email`, `is_staff`, `is_active`, `date_joined`) VALUES(203, 'pbkdf2_sha256$180000$VYJ6uvlKNcq2$lelUAIU/EZPzOWel54E3ZOj8m7K2jnbyT3bPSSdgyPg=', NULL, 0, 'cindyporo', 'CINDY GABRIELA', 'PONCE', 'noaplica@noaplica.com', 0, 1, '2020-03-26 02:57:00.446687');
INSERT INTO `auth_user` (`id`, `password`, `last_login`, `is_superuser`, `username`, `first_name`, `last_name`, `email`, `is_staff`, `is_active`, `date_joined`) VALUES(204, 'pbkdf2_sha256$180000$FcbFJZEbSykI$5Y+0arIfFZpWXzzJ+TctJp8f3amXPzW/44rtuEwSFhA=', NULL, 0, 'guadalupedeac', 'GUADALUPE', 'DEL CARMEN', 'noaplica@noaplica.com', 0, 1, '2020-03-26 02:57:02.005478');
INSERT INTO `auth_user` (`id`, `password`, `last_login`, `is_superuser`, `username`, `first_name`, `last_name`, `email`, `is_staff`, `is_active`, `date_joined`) VALUES(205, 'pbkdf2_sha256$180000$dkNYGz4fv4nj$KEK7yfe2xnX8G6TxC3ux8vmgXvGYJr//Txl1kUfJYtI=', NULL, 0, 'sergioes', 'SERGIO', 'ESPINOZA', 'saer166@hotmail.com', 0, 1, '2020-03-26 02:57:03.726671');
INSERT INTO `auth_user` (`id`, `password`, `last_login`, `is_superuser`, `username`, `first_name`, `last_name`, `email`, `is_staff`, `is_active`, `date_joined`) VALUES(206, 'pbkdf2_sha256$180000$nA8g9V86jAja$gkFrsFO5KjJKY6/OjCED7/vTvWnCQxLxfiK2kP5Bpac=', NULL, 0, 'anaav', 'ANA LAURA', 'AVILA', 'anlaam80@gmail.com', 0, 1, '2020-03-26 02:57:05.463123');
INSERT INTO `auth_user` (`id`, `password`, `last_login`, `is_superuser`, `username`, `first_name`, `last_name`, `email`, `is_staff`, `is_active`, `date_joined`) VALUES(207, 'pbkdf2_sha256$180000$VAGFURAZPO9j$+hfJsSSfuSMh2/3DfWYi3JscZoyjYnycCmFf3qvNzX0=', NULL, 0, 'isabelba', 'ISABEL', 'BARAJAS', 'noaplica@noaplica.com', 0, 1, '2020-03-26 02:57:06.991675');
INSERT INTO `auth_user` (`id`, `password`, `last_login`, `is_superuser`, `username`, `first_name`, `last_name`, `email`, `is_staff`, `is_active`, `date_joined`) VALUES(208, 'pbkdf2_sha256$180000$BaVF6XpJYHa2$kszi3I/grZTKHk8Q3nXIV0HJ3Egawuz6umyvGtSe/Rc=', NULL, 0, 'albertoqure', 'ALBERTO', 'QUIROZ', 'noaplica@noaplica.com', 0, 1, '2020-03-26 02:57:08.621443');
INSERT INTO `auth_user` (`id`, `password`, `last_login`, `is_superuser`, `username`, `first_name`, `last_name`, `email`, `is_staff`, `is_active`, `date_joined`) VALUES(209, 'pbkdf2_sha256$180000$iz1oksO4dssO$B7auEVSSWf3HriOpBd+lN37juOd7K6mcCy+n+UnBjfY=', NULL, 0, 'veronicago', 'VERONICA', 'GONZALEZ', 'veronica_gonzalez@yahoo.com', 0, 1, '2020-03-26 02:57:10.237287');
INSERT INTO `auth_user` (`id`, `password`, `last_login`, `is_superuser`, `username`, `first_name`, `last_name`, `email`, `is_staff`, `is_active`, `date_joined`) VALUES(210, 'pbkdf2_sha256$180000$H4m7NVIoTYfc$wcE0v9zz0vdse6wlz5GlIPjNXrfQ9X908LP4w8SvuJQ=', NULL, 0, 'marbellame', 'MARBELLA', 'MELO', 'noaplica@noaplica.com', 0, 1, '2020-03-26 02:57:17.100026');
INSERT INTO `auth_user` (`id`, `password`, `last_login`, `is_superuser`, `username`, `first_name`, `last_name`, `email`, `is_staff`, `is_active`, `date_joined`) VALUES(211, 'pbkdf2_sha256$180000$6ccxoVltIwkr$8jOSWGkWI/aN4dnAz4jNVDBYWMYCev9kBH3jOnuhvjU=', NULL, 0, 'diegome', 'DIEGO', 'MERCADO', 'noaplica@noaplica.com', 0, 1, '2020-03-26 02:57:19.116269');
INSERT INTO `auth_user` (`id`, `password`, `last_login`, `is_superuser`, `username`, `first_name`, `last_name`, `email`, `is_staff`, `is_active`, `date_joined`) VALUES(212, 'pbkdf2_sha256$180000$K9X45e2YDTRW$5D99hgz4tiM9E8qskJHHYT292Hr3oGyoKwjAQXJk7Pw=', NULL, 0, 'diegobo', 'DIEGO ALBERTO', 'BORREGO', 'noaplica@noaplica.com', 0, 1, '2020-03-26 02:57:20.962212');
INSERT INTO `auth_user` (`id`, `password`, `last_login`, `is_superuser`, `username`, `first_name`, `last_name`, `email`, `is_staff`, `is_active`, `date_joined`) VALUES(213, 'pbkdf2_sha256$180000$nhkc8tlUg63x$QW4x4ECkKOmHQJLH17Pmork15Rfz5FhAsfpcVg81cko=', NULL, 0, 'carlatoco', 'CARLA JANET', 'TORRES', 'noaplica@noaplica.com', 0, 1, '2020-03-26 02:57:22.840044');
INSERT INTO `auth_user` (`id`, `password`, `last_login`, `is_superuser`, `username`, `first_name`, `last_name`, `email`, `is_staff`, `is_active`, `date_joined`) VALUES(214, 'pbkdf2_sha256$180000$yUGOYuYRCrLH$CUEw/Mnc2R0tRyjML0yxLpABiB0vnnN3hj5iwRPHd5Y=', NULL, 0, 'kareliahe', 'KARELIA', 'HERNANDE', 'noaplica@noaplica.com', 0, 1, '2020-03-26 02:57:24.467464');
INSERT INTO `auth_user` (`id`, `password`, `last_login`, `is_superuser`, `username`, `first_name`, `last_name`, `email`, `is_staff`, `is_active`, `date_joined`) VALUES(215, 'pbkdf2_sha256$180000$WbrUB7csWQVI$NqNzgyN04HUZuuryGjutNc6vxl7lWhOOivuaVfTw4R8=', NULL, 0, 'ovedga', 'OVED', 'GARCIA', 'noaplica@noaplica.com', 0, 1, '2020-03-26 02:57:26.148144');
INSERT INTO `auth_user` (`id`, `password`, `last_login`, `is_superuser`, `username`, `first_name`, `last_name`, `email`, `is_staff`, `is_active`, `date_joined`) VALUES(216, 'pbkdf2_sha256$180000$FGBRwoReOYQm$tqxvEafai61f71Dw60dZAAaptyLUnhWcGH5ryeIrOyI=', NULL, 0, 'fernandolo', 'FERNANDO', 'LOPEZ', 'noaplica@noaplica.com', 0, 1, '2020-03-26 02:57:27.927360');
INSERT INTO `auth_user` (`id`, `password`, `last_login`, `is_superuser`, `username`, `first_name`, `last_name`, `email`, `is_staff`, `is_active`, `date_joined`) VALUES(217, 'pbkdf2_sha256$180000$91rArdfAL1Dd$Y/tA0NwMioAvAtXLWprtTz2625mDBfrt5EQoFa7z8uQ=', NULL, 0, 'dianaro', 'DIANA', 'RODARTE', 'noaplica@noaplica.com', 0, 1, '2020-03-26 02:57:29.749713');
INSERT INTO `auth_user` (`id`, `password`, `last_login`, `is_superuser`, `username`, `first_name`, `last_name`, `email`, `is_staff`, `is_active`, `date_joined`) VALUES(218, 'pbkdf2_sha256$180000$F84Ro0FvrFpF$zfyO3Am3oxBHFWZ8JVY2EYQKyrjApFGCOHcC6Y08CuA=', NULL, 0, 'rufinomo', 'RUFINO', 'MOLINA DE AVILA', 'noaplica@noaplica.com', 0, 1, '2020-03-26 02:57:31.373611');
INSERT INTO `auth_user` (`id`, `password`, `last_login`, `is_superuser`, `username`, `first_name`, `last_name`, `email`, `is_staff`, `is_active`, `date_joined`) VALUES(219, 'pbkdf2_sha256$180000$wAeaocKKQH2G$Yr5V7t4j45W2OMOe1y34EM24mronAHt9SJ4ebNCB0N0=', NULL, 0, 'olgapefl', 'OLGA', 'PEREZ', 'olgaflores027@hotmail.com', 0, 1, '2020-03-26 02:57:39.589127');
INSERT INTO `auth_user` (`id`, `password`, `last_login`, `is_superuser`, `username`, `first_name`, `last_name`, `email`, `is_staff`, `is_active`, `date_joined`) VALUES(220, 'pbkdf2_sha256$180000$AKuPUyiqkjOx$nhJr3DaVMIlJZL/niXOL8XmY3B1xnj4KAaBgQr2spMc=', NULL, 0, 'luisgese', 'LUIS', 'GERARDO', 'noaplica@noaplica.com', 0, 1, '2020-03-26 02:57:41.518958');
INSERT INTO `auth_user` (`id`, `password`, `last_login`, `is_superuser`, `username`, `first_name`, `last_name`, `email`, `is_staff`, `is_active`, `date_joined`) VALUES(221, 'pbkdf2_sha256$180000$NClsyXznkF1P$hNejFGDgDXsaESuIbe1Ok0+NVV+aRVS7BEr8ZqqcU1M=', NULL, 0, 'soniace', 'SONIA', 'CERVANTES', 'noaplica@noaplica.com', 0, 1, '2020-03-26 02:57:43.246026');
INSERT INTO `auth_user` (`id`, `password`, `last_login`, `is_superuser`, `username`, `first_name`, `last_name`, `email`, `is_staff`, `is_active`, `date_joined`) VALUES(222, 'pbkdf2_sha256$180000$XBgZDCgUJAg3$B6L2U0J2WNgsTXkmyqNdP+7ZRZqDBZFE7qDCsOdJfBk=', NULL, 0, 'cristinaru', 'CRISTINA', 'RUIZ', 'noaplica@noaplica.com', 0, 1, '2020-03-26 02:57:44.796481');
INSERT INTO `auth_user` (`id`, `password`, `last_login`, `is_superuser`, `username`, `first_name`, `last_name`, `email`, `is_staff`, `is_active`, `date_joined`) VALUES(223, 'pbkdf2_sha256$180000$gLwoqn1VU2QR$OWKGNGFChiu9Vmy07S/156IY5zYgQyfrV9O4HxVNDC8=', NULL, 0, 'oscarivav', 'OSCAR', 'IVAN', 'noaplica@noaplica.com', 0, 1, '2020-03-26 02:57:46.521852');
INSERT INTO `auth_user` (`id`, `password`, `last_login`, `is_superuser`, `username`, `first_name`, `last_name`, `email`, `is_staff`, `is_active`, `date_joined`) VALUES(224, 'pbkdf2_sha256$180000$BPquUo58AVzC$HI9LfIkbxCtDrdHObBAH+ErUBDfWxrYZ9h3GJbkTRho=', NULL, 0, 'mariasa', 'MARIA LUISA', 'SALAZAR', 'noaplica@noaplica.com', 0, 1, '2020-03-26 02:57:48.248710');
INSERT INTO `auth_user` (`id`, `password`, `last_login`, `is_superuser`, `username`, `first_name`, `last_name`, `email`, `is_staff`, `is_active`, `date_joined`) VALUES(225, 'pbkdf2_sha256$180000$skwRc0UrmfXK$95RZ7fQruzEmUEufWsKHyHF1sSCZBQdxQD2j7er5TbI=', NULL, 0, 'juancate', 'JUAN MANUEL', 'CABRERA', 'noaplica@noaplica.com', 0, 1, '2020-03-26 02:57:49.783681');
INSERT INTO `auth_user` (`id`, `password`, `last_login`, `is_superuser`, `username`, `first_name`, `last_name`, `email`, `is_staff`, `is_active`, `date_joined`) VALUES(226, 'pbkdf2_sha256$180000$CfJCqvStGGyz$N6AwEJrE4wRLD0UqYCcbKhvQHmijMcC+VL9wEuWOkCw=', NULL, 0, 'gabrielre', 'GABRIEL', 'REYNA', 'noaplica@noaplica.com', 0, 1, '2020-03-26 02:57:51.544059');
INSERT INTO `auth_user` (`id`, `password`, `last_login`, `is_superuser`, `username`, `first_name`, `last_name`, `email`, `is_staff`, `is_active`, `date_joined`) VALUES(227, 'pbkdf2_sha256$180000$g4WGXecdaNYh$fUI+Sa34WHzns0bizRSxR/BP97yCNe3W4IENQIEIJss=', NULL, 0, 'pamelagako', 'PAMELA VICTORIA', 'GARCIA', 'noaplica@noaplica.com', 0, 1, '2020-03-26 02:58:01.493621');
INSERT INTO `auth_user` (`id`, `password`, `last_login`, `is_superuser`, `username`, `first_name`, `last_name`, `email`, `is_staff`, `is_active`, `date_joined`) VALUES(228, 'pbkdf2_sha256$180000$vsNI3n7Erxky$Zab7nS53v6+KOEY1vsU+AMwfGmqeSgR4FyoDdgmTDUU=', NULL, 0, 'marthafama', 'MARTHA', 'FABIOLA', 'noaplica@noaplica.com', 0, 1, '2020-03-26 02:58:03.203656');
INSERT INTO `auth_user` (`id`, `password`, `last_login`, `is_superuser`, `username`, `first_name`, `last_name`, `email`, `is_staff`, `is_active`, `date_joined`) VALUES(229, 'pbkdf2_sha256$180000$o8Mx0ZXJjwkn$r/DNn6AVYSabjB60MM5UBileBorEJbIz9z1rupenxew=', NULL, 0, 'marthagave', 'MARTHA', 'GARCIA', 'noaplica@noaplica.com', 0, 1, '2020-03-26 02:58:05.003636');
INSERT INTO `auth_user` (`id`, `password`, `last_login`, `is_superuser`, `username`, `first_name`, `last_name`, `email`, `is_staff`, `is_active`, `date_joined`) VALUES(230, 'pbkdf2_sha256$180000$LNlMpNIrohBG$OgJM+c2LB/PMZJaEnkClEjpeJgUzi9YglnstGPCHHeU=', NULL, 0, 'eliassahe', 'ELIAS', 'SAMANIEGO', 'noaplica@noaplica.com', 0, 1, '2020-03-26 02:58:06.800356');
INSERT INTO `auth_user` (`id`, `password`, `last_login`, `is_superuser`, `username`, `first_name`, `last_name`, `email`, `is_staff`, `is_active`, `date_joined`) VALUES(231, 'pbkdf2_sha256$180000$RWAiVdeHsJ0P$aBA1ioHbvkxHNJOCgJWIAtt2k0uHn+r+bEpimkr3yU8=', NULL, 0, 'felipaesca', 'FELIPA', 'ESTRADA', 'noaplica@noaplica.com', 0, 1, '2020-03-26 02:58:08.570571');
INSERT INTO `auth_user` (`id`, `password`, `last_login`, `is_superuser`, `username`, `first_name`, `last_name`, `email`, `is_staff`, `is_active`, `date_joined`) VALUES(232, 'pbkdf2_sha256$180000$82b5sTKCV7aQ$DqFnIKiw03rt5/fRH9Aphm2cYBYv/djMZwcVTRFyPc0=', NULL, 0, 'fabiolasa', 'FABIOLA', 'SANDOVAL', 'noaplica@noaplica.com', 0, 1, '2020-03-26 02:58:10.133568');
INSERT INTO `auth_user` (`id`, `password`, `last_login`, `is_superuser`, `username`, `first_name`, `last_name`, `email`, `is_staff`, `is_active`, `date_joined`) VALUES(233, 'pbkdf2_sha256$180000$r7DRtPJEIIuA$8h8kqW7ldya3QLBDGg+TX2OLCPBhFXSE9qhaAbjJXQg=', NULL, 0, 'maribelrobe', 'MARIBEL', 'RODRIGUEZ', 'noaplica@noaplica.com', 0, 1, '2020-03-26 02:58:11.903265');
INSERT INTO `auth_user` (`id`, `password`, `last_login`, `is_superuser`, `username`, `first_name`, `last_name`, `email`, `is_staff`, `is_active`, `date_joined`) VALUES(234, 'pbkdf2_sha256$180000$0zWrvZzP0qKL$T0iXdgyD12+F5EmEPDlGs2MglJQEOjGWmydIY5k1jGE=', NULL, 0, 'carlosmadu', 'CARLOS', 'MARTIN', 'carloslawyer10@gmail.com', 0, 1, '2020-03-26 02:58:13.737359');
INSERT INTO `auth_user` (`id`, `password`, `last_login`, `is_superuser`, `username`, `first_name`, `last_name`, `email`, `is_staff`, `is_active`, `date_joined`) VALUES(235, 'pbkdf2_sha256$180000$Oi1gAAeNBCIb$f+ESrbii2nrx9aBuv1f0Kfpm76DwxmjnHzxHt1t8ORc=', NULL, 0, 'alonsopech', 'ALONSO ALEJANDRO', 'PEDROZA', 'thezorro14@hotmail..com', 0, 1, '2020-03-26 02:58:22.042419');
INSERT INTO `auth_user` (`id`, `password`, `last_login`, `is_superuser`, `username`, `first_name`, `last_name`, `email`, `is_staff`, `is_active`, `date_joined`) VALUES(236, 'pbkdf2_sha256$180000$gUelaEmOPjvY$cgx9lFUqp65GPIBoV4KwiqgbNviOrKjsgM6b1s5Ry9A=', NULL, 0, 'cinthyamoba', 'CINTHYA', 'MONTES', 'cinthybarraza@gmail.com', 0, 1, '2020-03-26 02:58:23.948782');
INSERT INTO `auth_user` (`id`, `password`, `last_login`, `is_superuser`, `username`, `first_name`, `last_name`, `email`, `is_staff`, `is_active`, `date_joined`) VALUES(237, 'pbkdf2_sha256$180000$O5GkNMARAOG2$CFmpgvtDW83TlTzHrRLExOOkhamokB9Dlf5FrJea5sE=', NULL, 0, 'sergiohoca', 'SERGIO', 'HORACIO', 'noaplica@noaplica.com', 0, 1, '2020-03-26 02:58:25.462166');
INSERT INTO `auth_user` (`id`, `password`, `last_login`, `is_superuser`, `username`, `first_name`, `last_name`, `email`, `is_staff`, `is_active`, `date_joined`) VALUES(238, 'pbkdf2_sha256$180000$xB3zyDUIjb0F$yUPyzDaha7n8auZWUQXfM2hZiHtjkCM1hQQd9hhQSik=', NULL, 0, 'mariagume', 'MARIA', 'GUADALUPE', 'sergiocastanon@live.com.mx', 0, 1, '2020-03-26 02:58:27.198043');
INSERT INTO `auth_user` (`id`, `password`, `last_login`, `is_superuser`, `username`, `first_name`, `last_name`, `email`, `is_staff`, `is_active`, `date_joined`) VALUES(239, 'pbkdf2_sha256$180000$ovmpB8UoQTdR$c9AJjkO2qu9O4II6g2aIEjO3V9OFq4gGE/vW+D2D0UA=', NULL, 0, 'victorlo', 'VICTOR HUGO', 'LOPEZ', 'vhluna@outlook.com', 0, 1, '2020-03-26 02:58:28.817583');
INSERT INTO `auth_user` (`id`, `password`, `last_login`, `is_superuser`, `username`, `first_name`, `last_name`, `email`, `is_staff`, `is_active`, `date_joined`) VALUES(240, 'pbkdf2_sha256$180000$oqeJwWBaerP0$/iS35MFoY0WlfHEPd9/8c1VLUtAD9mGIagY6DARy6dM=', NULL, 0, 'irmametr', 'IRMA', 'MENCHACA', 'irmtrejo@gmail.com', 0, 1, '2020-03-26 02:58:30.563248');
INSERT INTO `auth_user` (`id`, `password`, `last_login`, `is_superuser`, `username`, `first_name`, `last_name`, `email`, `is_staff`, `is_active`, `date_joined`) VALUES(241, 'pbkdf2_sha256$180000$8ONJ8rHoM6dy$JAA1ABvoHLNb5GDO6Ig7G+trxS+l2KFa9Bv4etTLg3s=', NULL, 0, 'juanalmo', 'JUAN', 'ALBERTO', 'noaplica@noaplica.com', 0, 1, '2020-03-26 02:58:32.117431');
INSERT INTO `auth_user` (`id`, `password`, `last_login`, `is_superuser`, `username`, `first_name`, `last_name`, `email`, `is_staff`, `is_active`, `date_joined`) VALUES(242, 'pbkdf2_sha256$180000$Q5DJuZBvXFRv$sasaGxkNig5e773+YUJg/QLyAdjrIpvWn4DsGpEhTZE=', NULL, 0, 'carmenca', 'CARMEN', 'CASTRO', 'noaplica@noaplica.com', 0, 1, '2020-03-26 02:58:33.866148');
INSERT INTO `auth_user` (`id`, `password`, `last_login`, `is_superuser`, `username`, `first_name`, `last_name`, `email`, `is_staff`, `is_active`, `date_joined`) VALUES(243, 'pbkdf2_sha256$180000$MaZLNmJjMQme$rFBQzVn9QyFHR4M/FVcCotE3JMrMZx8ljpl0k8xtrxM=', NULL, 0, 'alejandrodisu', 'ALEJANDRO', 'DIAZ', 'tarcan85m@hotmail.com', 0, 1, '2020-03-26 02:58:35.621112');
INSERT INTO `auth_user` (`id`, `password`, `last_login`, `is_superuser`, `username`, `first_name`, `last_name`, `email`, `is_staff`, `is_active`, `date_joined`) VALUES(244, 'pbkdf2_sha256$180000$oScvRBpKkVZH$2JZr/h7BK4D1iq+rVqu3Wm6Lala78F8d5CDHcR4719c=', NULL, 0, 'yadiracohe', 'YADIRA CITLALLI', 'CORDOVA', 'citlalli83.ycch@gmail.com', 0, 1, '2020-03-26 02:58:37.261588');
INSERT INTO `auth_user` (`id`, `password`, `last_login`, `is_superuser`, `username`, `first_name`, `last_name`, `email`, `is_staff`, `is_active`, `date_joined`) VALUES(245, 'pbkdf2_sha256$180000$BeDXAG1X61hi$0DJhIX3sIFeXEqbBhU+psPrzxRXJ6PvyTrkywYU091g=', NULL, 0, 'elviaca', 'ELVIA', 'CARLO', 'noaplica@noaplica.com', 0, 1, '2020-03-26 02:58:45.373904');
INSERT INTO `auth_user` (`id`, `password`, `last_login`, `is_superuser`, `username`, `first_name`, `last_name`, `email`, `is_staff`, `is_active`, `date_joined`) VALUES(246, 'pbkdf2_sha256$180000$CEh7H9kaVR4k$0/77VQ7s4KFtFwap730fpuTlz/C+jwqcbkA8zIggnKk=', NULL, 0, 'jorgera', 'JORGE', 'RAMIREZ', 'jorge_sales@remsausainc.com', 0, 1, '2020-03-26 02:58:47.475863');
INSERT INTO `auth_user` (`id`, `password`, `last_login`, `is_superuser`, `username`, `first_name`, `last_name`, `email`, `is_staff`, `is_active`, `date_joined`) VALUES(247, 'pbkdf2_sha256$180000$JFCgeP4jUkct$1gSYODxdqLUn2MbnIPZyqQt5+SenYwD/P9Dr7XBuuEI=', NULL, 0, 'anahira', 'ANAHI', 'RAMIREZ', 'anahi_ramirezac@hotmail.com', 0, 1, '2020-03-26 02:58:49.094109');
INSERT INTO `auth_user` (`id`, `password`, `last_login`, `is_superuser`, `username`, `first_name`, `last_name`, `email`, `is_staff`, `is_active`, `date_joined`) VALUES(248, 'pbkdf2_sha256$180000$pRk5aV2LH95r$zTyCExN0TqN1E79L+sw7cxzAnFZ7fSpHJedOjX7Grb4=', NULL, 0, 'josemaro', 'JOSE', 'MANUEL', 'noaplica@noaplica.com', 0, 1, '2020-03-26 02:58:50.896309');
INSERT INTO `auth_user` (`id`, `password`, `last_login`, `is_superuser`, `username`, `first_name`, `last_name`, `email`, `is_staff`, `is_active`, `date_joined`) VALUES(249, 'pbkdf2_sha256$180000$lQqeumerAw8V$2WPwbMlbv7uSsYRZN4DGOfd4zwU5rH8RQly2w6qzZGM=', NULL, 0, 'eduardodiri', 'EDUARDO', 'DIAZ', 'edudiazrp@yahoo.com.mx', 0, 1, '2020-03-26 02:58:52.754188');
INSERT INTO `auth_user` (`id`, `password`, `last_login`, `is_superuser`, `username`, `first_name`, `last_name`, `email`, `is_staff`, `is_active`, `date_joined`) VALUES(250, 'pbkdf2_sha256$180000$LAws9H3KpYPN$6eswaaE6Cj7ljUkThP0RQR7EB27MaRRv6f1dljA6GNs=', NULL, 0, 'lizbethsa', 'LIZBETH', 'SALDIVAR', 'noaplica@noaplica.com', 0, 1, '2020-03-26 02:58:54.575557');
INSERT INTO `auth_user` (`id`, `password`, `last_login`, `is_superuser`, `username`, `first_name`, `last_name`, `email`, `is_staff`, `is_active`, `date_joined`) VALUES(251, 'pbkdf2_sha256$180000$PExbtvylXDst$anm06bbGgV2CfLXhxuJXMZqoeJQ/T11pS4UCIHcpqLo=', NULL, 0, 'naimalme', 'NAIM', 'ALEXIS', 'noaplica@noaplica.com', 0, 1, '2020-03-26 02:58:56.392813');
INSERT INTO `auth_user` (`id`, `password`, `last_login`, `is_superuser`, `username`, `first_name`, `last_name`, `email`, `is_staff`, `is_active`, `date_joined`) VALUES(252, 'pbkdf2_sha256$180000$IKSyrMkoZtYI$zn3kmvsq4afKykr6VH+UpZQofquClFImg8rsbNei8Co=', NULL, 0, 'luisag', 'LUIS', 'AGUILAR', 'noaplica@noaplica.com', 0, 1, '2020-03-26 02:58:58.161786');
INSERT INTO `auth_user` (`id`, `password`, `last_login`, `is_superuser`, `username`, `first_name`, `last_name`, `email`, `is_staff`, `is_active`, `date_joined`) VALUES(253, 'pbkdf2_sha256$180000$6rXmybUrijG9$3I7Roh1OVaWULSvPm7piJxGUtYyjUL+qCRlNKn15McA=', NULL, 0, 'georginacu', 'GEORGINA', 'CUEVAS', 'noaplica@noaplica.com', 0, 1, '2020-03-26 02:59:05.364988');
INSERT INTO `auth_user` (`id`, `password`, `last_login`, `is_superuser`, `username`, `first_name`, `last_name`, `email`, `is_staff`, `is_active`, `date_joined`) VALUES(254, 'pbkdf2_sha256$180000$Jw7ySN7zvd4Q$8WtteR8v29+XJhfHf9zzRseNDcv8Et+a+yDFTgyxTIs=', NULL, 0, 'miguelluga', 'MIGUEL ANGEL', 'LUMBRERAS', 'noaplica@noaplica.com', 0, 1, '2020-03-26 02:59:07.171302');
INSERT INTO `auth_user` (`id`, `password`, `last_login`, `is_superuser`, `username`, `first_name`, `last_name`, `email`, `is_staff`, `is_active`, `date_joined`) VALUES(255, 'pbkdf2_sha256$180000$5oCRtJeDP70S$mGpenfgXTjjESyW3MIt2i7zO9iwCVuhO0bb5OOmVfHo=', NULL, 0, 'almasamu', 'ALMA ELIZABETH', 'SALAS', 'sama1723@icloud.com', 0, 1, '2020-03-26 02:59:08.981113');
INSERT INTO `auth_user` (`id`, `password`, `last_login`, `is_superuser`, `username`, `first_name`, `last_name`, `email`, `is_staff`, `is_active`, `date_joined`) VALUES(256, 'pbkdf2_sha256$180000$wILhP0i4wx9F$ghqAdrDNic2DfYMb3ob8po0w+z34GPW2+MWhaOIsl8U=', NULL, 0, 'karinave', 'KARINA', 'VEGA', 'noaplica@noaplica.com', 0, 1, '2020-03-26 02:59:10.608561');
INSERT INTO `auth_user` (`id`, `password`, `last_login`, `is_superuser`, `username`, `first_name`, `last_name`, `email`, `is_staff`, `is_active`, `date_joined`) VALUES(257, 'pbkdf2_sha256$180000$lAuoG8eZkXVm$pUBLYuRjkLI5hDKKTmy4cv0mkVZOsNHclCGfpTWQN/g=', NULL, 0, 'cesarcrma', 'CESAR ALFONSO', 'CRUZ', 'noaplica@noaplica.com', 0, 1, '2020-03-26 02:59:12.477233');
INSERT INTO `auth_user` (`id`, `password`, `last_login`, `is_superuser`, `username`, `first_name`, `last_name`, `email`, `is_staff`, `is_active`, `date_joined`) VALUES(258, 'pbkdf2_sha256$180000$kjBffiuG3UIk$IGDvS5j3uUJQ3WuiSPgVeniaDSfUe9WYbrYi0xW29Mo=', NULL, 0, 'porfiriobama', 'PORFIRIO', 'BARRERA', 'noaplica@noaplica.com', 0, 1, '2020-03-26 02:59:14.347217');
INSERT INTO `auth_user` (`id`, `password`, `last_login`, `is_superuser`, `username`, `first_name`, `last_name`, `email`, `is_staff`, `is_active`, `date_joined`) VALUES(259, 'pbkdf2_sha256$180000$jzxaajcBi57l$oGJvAiYkZjGq4u/mAkSVLM5lOdqC2eHTw37QURPSHjo=', NULL, 0, 'marilynqu', 'MARILYN', 'QUINTANA', 'pbm111@live.com.mx', 0, 1, '2020-03-26 02:59:16.286623');
INSERT INTO `auth_user` (`id`, `password`, `last_login`, `is_superuser`, `username`, `first_name`, `last_name`, `email`, `is_staff`, `is_active`, `date_joined`) VALUES(260, 'pbkdf2_sha256$180000$yVCKUblNWwf3$yFMvEI50h0TlHXpO76dPxQNBrytP7l6XjgMxLCoqaTA=', NULL, 0, 'jorgepalo', 'JORGE LUIS', 'PADILLA', 'noaplica@noaplica.com', 0, 1, '2020-03-26 02:59:18.027929');
INSERT INTO `auth_user` (`id`, `password`, `last_login`, `is_superuser`, `username`, `first_name`, `last_name`, `email`, `is_staff`, `is_active`, `date_joined`) VALUES(261, 'pbkdf2_sha256$180000$nCk01GB4e9dO$4YN5oFQG3eGS8aHtjBGOLL+UJ5yta4wRopqVfHat3UQ=', NULL, 0, 'teresacaca', 'TERESA', 'CAMPOS', 'dtto_1@hotmail.com', 0, 1, '2020-03-26 02:59:19.984266');
INSERT INTO `auth_user` (`id`, `password`, `last_login`, `is_superuser`, `username`, `first_name`, `last_name`, `email`, `is_staff`, `is_active`, `date_joined`) VALUES(262, 'pbkdf2_sha256$180000$YuJNJ6kUFYMV$bAr1pOuBH73mN4CUxl/qO/HDTq6N3C9XvI+DlTsexWc=', NULL, 0, 'anabelgoni', 'ANABEL', 'GONZALEZ', 'noaplica@noaplica.com', 0, 1, '2020-03-26 02:59:21.712483');
INSERT INTO `auth_user` (`id`, `password`, `last_login`, `is_superuser`, `username`, `first_name`, `last_name`, `email`, `is_staff`, `is_active`, `date_joined`) VALUES(263, 'pbkdf2_sha256$180000$yNot2kpZIqBW$vr6uboQZUyyqAQfK4dSEmJgsQ/yrzc7ShuU1TACH/nw=', NULL, 0, 'victorsica', 'VICTOR MANUEL', 'SILVA', 'noaplica@noaplica.com', 0, 1, '2020-03-26 02:59:28.594251');
INSERT INTO `auth_user` (`id`, `password`, `last_login`, `is_superuser`, `username`, `first_name`, `last_name`, `email`, `is_staff`, `is_active`, `date_joined`) VALUES(264, 'pbkdf2_sha256$180000$MF4MryOAEZbN$AL7zoYmmtdDjjKAQPQ2kgU272RRzN+Vnqg65C5KKclI=', NULL, 0, 'esperanzadeor', 'ESPERANZA', 'DEL CARMEN', 'noaplica@noaplica.com', 0, 1, '2020-03-26 02:59:30.568421');
INSERT INTO `auth_user` (`id`, `password`, `last_login`, `is_superuser`, `username`, `first_name`, `last_name`, `email`, `is_staff`, `is_active`, `date_joined`) VALUES(265, 'pbkdf2_sha256$180000$oJAE198dhJ8O$q5x64OPYNVzU8qW6+eOGpbhatNNdMO6oACxDrRxK3UY=', NULL, 0, 'robertoma', 'ROBERTO', 'MALDONADO', 'maldonado_romaca@hotmail.com', 0, 1, '2020-03-26 02:59:32.146110');
INSERT INTO `auth_user` (`id`, `password`, `last_login`, `is_superuser`, `username`, `first_name`, `last_name`, `email`, `is_staff`, `is_active`, `date_joined`) VALUES(266, 'pbkdf2_sha256$180000$nFi3nhFrki5t$3RvXPVTQZrM++cwID+nKGGqUodtrGZBnXhBKjeLXt84=', NULL, 0, 'hectorgo', 'HECTOR', 'GONZALEZ', 'hectorgonzalezr_11@hotmai.com', 0, 1, '2020-03-26 02:59:33.998659');
INSERT INTO `auth_user` (`id`, `password`, `last_login`, `is_superuser`, `username`, `first_name`, `last_name`, `email`, `is_staff`, `is_active`, `date_joined`) VALUES(267, 'pbkdf2_sha256$180000$w3k7zCpFhXY8$X3BYiYZ4zeiVgn4fpMlIWg3VtIwizY8BvCmQUTtvn9w=', NULL, 0, 'miguelanba', 'MIGUEL', 'ANGEL', 'ing.balumi@gmail.com', 0, 1, '2020-03-26 02:59:35.534054');
INSERT INTO `auth_user` (`id`, `password`, `last_login`, `is_superuser`, `username`, `first_name`, `last_name`, `email`, `is_staff`, `is_active`, `date_joined`) VALUES(268, 'pbkdf2_sha256$180000$5q4Tj5bMrVuk$djX1u0TrrjLbZrUBefdQMIYAxmjJ7H+/GMhqx+aAlh4=', NULL, 0, 'brendamehe', 'BRENDA', 'MELIZA', 'bremelissa@hotmail.com', 0, 1, '2020-03-26 02:59:37.268836');
INSERT INTO `auth_user` (`id`, `password`, `last_login`, `is_superuser`, `username`, `first_name`, `last_name`, `email`, `is_staff`, `is_active`, `date_joined`) VALUES(269, 'pbkdf2_sha256$180000$U54KfngVR1yh$kD0xvWHCAqu+Abnp9C+RmRME5Qf2U0HhI644G9INQ34=', NULL, 0, 'jesuscoes', 'JESUS', 'CORREA', 'jesucorres@hotmail.com', 0, 1, '2020-03-26 02:59:38.816964');
INSERT INTO `auth_user` (`id`, `password`, `last_login`, `is_superuser`, `username`, `first_name`, `last_name`, `email`, `is_staff`, `is_active`, `date_joined`) VALUES(270, 'pbkdf2_sha256$180000$O8ESRYcVNTll$F/337xuwDFtEbE5qupGwPlcRwXypoRLGNickdmoJNsI=', NULL, 0, 'edgarsasa', 'EDGAR ISAAC', 'SAGREDO', 'noaplica@noaplica.com', 0, 1, '2020-03-26 02:59:40.580169');
INSERT INTO `auth_user` (`id`, `password`, `last_login`, `is_superuser`, `username`, `first_name`, `last_name`, `email`, `is_staff`, `is_active`, `date_joined`) VALUES(271, 'pbkdf2_sha256$180000$BiPlWkYlmnqO$0HQHyoJrpHxhp2DTAd3vA5iRO6Hp0ez9vLqHoY9yYhc=', NULL, 0, 'ileanabo', 'ILEANA', 'BORBON', 'noaplica@noaplica.com', 0, 1, '2020-03-26 02:59:42.291193');
INSERT INTO `auth_user` (`id`, `password`, `last_login`, `is_superuser`, `username`, `first_name`, `last_name`, `email`, `is_staff`, `is_active`, `date_joined`) VALUES(272, 'pbkdf2_sha256$180000$rb1f8WkcIcZW$U52LbkoQc4Ygu+X2FjWQRDbeonwFUHmRyYzVqsPWKgU=', NULL, 0, 'rogeliohe', 'ROGELIO', 'HERNANDEZ', 'noaplica@noaplica.com', 0, 1, '2020-03-26 02:59:44.032691');
INSERT INTO `auth_user` (`id`, `password`, `last_login`, `is_superuser`, `username`, `first_name`, `last_name`, `email`, `is_staff`, `is_active`, `date_joined`) VALUES(273, 'pbkdf2_sha256$180000$xwVDjm411s7o$zArqW/0XLOa4kYLHS58gahE2SNigm/cVtBbsv9vfo94=', NULL, 0, 'yairhiih', 'YAIR', 'HIHIH', '', 0, 1, '2020-03-28 16:11:38.249489');
INSERT INTO `auth_user` (`id`, `password`, `last_login`, `is_superuser`, `username`, `first_name`, `last_name`, `email`, `is_staff`, `is_active`, `date_joined`) VALUES(274, 'pbkdf2_sha256$180000$7EbWxV9OfWym$Nlyv6HNimGPdHHUYJmXbxI0rlVRmMrV35KrRCuSohUc=', NULL, 0, 'ximenabo', 'XIMENA', 'BORBON', '', 0, 1, '2020-03-30 02:40:53.993729');
INSERT INTO `auth_user` (`id`, `password`, `last_login`, `is_superuser`, `username`, `first_name`, `last_name`, `email`, `is_staff`, `is_active`, `date_joined`) VALUES(275, 'pbkdf2_sha256$180000$cJWMfcJ2XiOS$836jpL506TcTZmCQtADvpJxZ+sKqhTBx2/52vUhh1lk=', NULL, 0, 'gustavozeva', 'GUSTAVO', 'ZEPEDA', '', 0, 1, '2020-03-30 02:42:27.405736');
INSERT INTO `auth_user` (`id`, `password`, `last_login`, `is_superuser`, `username`, `first_name`, `last_name`, `email`, `is_staff`, `is_active`, `date_joined`) VALUES(276, 'pbkdf2_sha256$180000$BeRuLSH5TnU3$pgzSFMLrGxjqKjQ3YYzU1uIgYwVmiE9oiDlskJPjnDE=', NULL, 0, 'luispe', 'LUIS', 'PEREZ', '', 0, 1, '2020-04-03 15:03:39.753328');
INSERT INTO `auth_user` (`id`, `password`, `last_login`, `is_superuser`, `username`, `first_name`, `last_name`, `email`, `is_staff`, `is_active`, `date_joined`) VALUES(277, 'pbkdf2_sha256$180000$7dMQSQsaZnkM$Xk7/HQCG3DtUsu+JN7La4DTnBrYT1koDbO44apjTnRQ=', '2020-04-11 22:56:49.197339', 0, 'xsxsxs', 'XSXS', 'XSXS', '', 0, 1, '2020-04-03 15:07:33.000000');
INSERT INTO `auth_user` (`id`, `password`, `last_login`, `is_superuser`, `username`, `first_name`, `last_name`, `email`, `is_staff`, `is_active`, `date_joined`) VALUES(278, 'pbkdf2_sha256$180000$ADz5D0zQ08Ig$NndrPHxYvxbl9QMr0Bj/hu56IThMsGbu+OCGE5FZc2Y=', NULL, 0, 'vilmalodu', 'VILMA', 'LOPEZ', 'vilma.tesorera@hmail.com', 0, 1, '2020-04-04 01:29:55.455335');

INSERT INTO `usuarios_colono` (`user_ptr_id`, `amaterno`, `genero`, `telefono_celular`, `telefono_fijo`, `acepta_visitas`, `confirmado`, `fecha_creacion`, `fecha_edicion`, `estatus`, `usuario_creacion_id`, `usuario_edicion_id`) VALUES(146, 'AGUIRRE', 'F', NULL, NULL, 1, '0', '2020-03-25 06:00:00.000000', NULL, 1, 1, NULL);
INSERT INTO `usuarios_colono` (`user_ptr_id`, `amaterno`, `genero`, `telefono_celular`, `telefono_fijo`, `acepta_visitas`, `confirmado`, `fecha_creacion`, `fecha_edicion`, `estatus`, `usuario_creacion_id`, `usuario_edicion_id`) VALUES(147, NULL, 'M', NULL, NULL, 1, '0', '2020-03-25 06:00:00.000000', NULL, 1, 1, NULL);
INSERT INTO `usuarios_colono` (`user_ptr_id`, `amaterno`, `genero`, `telefono_celular`, `telefono_fijo`, `acepta_visitas`, `confirmado`, `fecha_creacion`, `fecha_edicion`, `estatus`, `usuario_creacion_id`, `usuario_edicion_id`) VALUES(148, NULL, 'F', '4928707147', NULL, 1, '1', '2020-03-25 06:00:00.000000', NULL, 1, 1, NULL);
INSERT INTO `usuarios_colono` (`user_ptr_id`, `amaterno`, `genero`, `telefono_celular`, `telefono_fijo`, `acepta_visitas`, `confirmado`, `fecha_creacion`, `fecha_edicion`, `estatus`, `usuario_creacion_id`, `usuario_edicion_id`) VALUES(149, 'NAVARRO', 'M', NULL, NULL, 1, '0', '2020-03-25 06:00:00.000000', NULL, 1, 1, NULL);
INSERT INTO `usuarios_colono` (`user_ptr_id`, `amaterno`, `genero`, `telefono_celular`, `telefono_fijo`, `acepta_visitas`, `confirmado`, `fecha_creacion`, `fecha_edicion`, `estatus`, `usuario_creacion_id`, `usuario_edicion_id`) VALUES(150, NULL, 'F', '4921437475', '4922038847', 1, '0', '2020-03-25 06:00:00.000000', NULL, 1, 1, NULL);
INSERT INTO `usuarios_colono` (`user_ptr_id`, `amaterno`, `genero`, `telefono_celular`, `telefono_fijo`, `acepta_visitas`, `confirmado`, `fecha_creacion`, `fecha_edicion`, `estatus`, `usuario_creacion_id`, `usuario_edicion_id`) VALUES(151, 'CASTAÑON', 'M', NULL, NULL, 1, '0', '2020-03-25 06:00:00.000000', NULL, 1, 1, NULL);
INSERT INTO `usuarios_colono` (`user_ptr_id`, `amaterno`, `genero`, `telefono_celular`, `telefono_fijo`, `acepta_visitas`, `confirmado`, `fecha_creacion`, `fecha_edicion`, `estatus`, `usuario_creacion_id`, `usuario_edicion_id`) VALUES(152, NULL, 'F', '4492012348', '4921003505', 1, '0', '2020-03-25 06:00:00.000000', NULL, 1, 1, NULL);
INSERT INTO `usuarios_colono` (`user_ptr_id`, `amaterno`, `genero`, `telefono_celular`, `telefono_fijo`, `acepta_visitas`, `confirmado`, `fecha_creacion`, `fecha_edicion`, `estatus`, `usuario_creacion_id`, `usuario_edicion_id`) VALUES(153, 'CHAVEZ', 'F', '4928693066', '4929426364', 1, '0', '2020-03-25 06:00:00.000000', NULL, 1, 1, NULL);
INSERT INTO `usuarios_colono` (`user_ptr_id`, `amaterno`, `genero`, `telefono_celular`, `telefono_fijo`, `acepta_visitas`, `confirmado`, `fecha_creacion`, `fecha_edicion`, `estatus`, `usuario_creacion_id`, `usuario_edicion_id`) VALUES(154, 'GONZALEZ', 'M', '4921234029', NULL, 1, '0', '2020-03-25 06:00:00.000000', NULL, 1, 1, NULL);
INSERT INTO `usuarios_colono` (`user_ptr_id`, `amaterno`, `genero`, `telefono_celular`, `telefono_fijo`, `acepta_visitas`, `confirmado`, `fecha_creacion`, `fecha_edicion`, `estatus`, `usuario_creacion_id`, `usuario_edicion_id`) VALUES(155, NULL, 'F', '4925834204', NULL, 1, '0', '2020-03-25 06:00:00.000000', NULL, 1, 1, NULL);
INSERT INTO `usuarios_colono` (`user_ptr_id`, `amaterno`, `genero`, `telefono_celular`, `telefono_fijo`, `acepta_visitas`, `confirmado`, `fecha_creacion`, `fecha_edicion`, `estatus`, `usuario_creacion_id`, `usuario_edicion_id`) VALUES(156, NULL, 'M', NULL, NULL, 1, '0', '2020-03-25 06:00:00.000000', NULL, 1, 1, NULL);
INSERT INTO `usuarios_colono` (`user_ptr_id`, `amaterno`, `genero`, `telefono_celular`, `telefono_fijo`, `acepta_visitas`, `confirmado`, `fecha_creacion`, `fecha_edicion`, `estatus`, `usuario_creacion_id`, `usuario_edicion_id`) VALUES(157, 'BADILLO', 'F', NULL, NULL, 1, '0', '2020-03-25 06:00:00.000000', NULL, 1, 1, NULL);
INSERT INTO `usuarios_colono` (`user_ptr_id`, `amaterno`, `genero`, `telefono_celular`, `telefono_fijo`, `acepta_visitas`, `confirmado`, `fecha_creacion`, `fecha_edicion`, `estatus`, `usuario_creacion_id`, `usuario_edicion_id`) VALUES(158, 'VALDEZ', 'M', '4931069660', '8441050238', 1, '0', '2020-03-25 06:00:00.000000', NULL, 1, 1, NULL);
INSERT INTO `usuarios_colono` (`user_ptr_id`, `amaterno`, `genero`, `telefono_celular`, `telefono_fijo`, `acepta_visitas`, `confirmado`, `fecha_creacion`, `fecha_edicion`, `estatus`, `usuario_creacion_id`, `usuario_edicion_id`) VALUES(159, 'SALINAS', 'M', NULL, NULL, 1, '0', '2020-03-25 06:00:00.000000', NULL, 1, 1, NULL);
INSERT INTO `usuarios_colono` (`user_ptr_id`, `amaterno`, `genero`, `telefono_celular`, `telefono_fijo`, `acepta_visitas`, `confirmado`, `fecha_creacion`, `fecha_edicion`, `estatus`, `usuario_creacion_id`, `usuario_edicion_id`) VALUES(160, NULL, 'M', NULL, NULL, 1, '0', '2020-03-25 06:00:00.000000', NULL, 1, 1, NULL);
INSERT INTO `usuarios_colono` (`user_ptr_id`, `amaterno`, `genero`, `telefono_celular`, `telefono_fijo`, `acepta_visitas`, `confirmado`, `fecha_creacion`, `fecha_edicion`, `estatus`, `usuario_creacion_id`, `usuario_edicion_id`) VALUES(161, 'MONTOYA', 'F', '4921032950', NULL, 1, '0', '2020-03-25 06:00:00.000000', NULL, 1, 1, NULL);
INSERT INTO `usuarios_colono` (`user_ptr_id`, `amaterno`, `genero`, `telefono_celular`, `telefono_fijo`, `acepta_visitas`, `confirmado`, `fecha_creacion`, `fecha_edicion`, `estatus`, `usuario_creacion_id`, `usuario_edicion_id`) VALUES(162, 'MARTINEZ', 'M', NULL, NULL, 1, '0', '2020-03-25 06:00:00.000000', NULL, 1, 1, NULL);
INSERT INTO `usuarios_colono` (`user_ptr_id`, `amaterno`, `genero`, `telefono_celular`, `telefono_fijo`, `acepta_visitas`, `confirmado`, `fecha_creacion`, `fecha_edicion`, `estatus`, `usuario_creacion_id`, `usuario_edicion_id`) VALUES(163, 'CORDOBA', 'F', '4925440165', NULL, 1, '0', '2020-03-25 06:00:00.000000', NULL, 1, 1, NULL);
INSERT INTO `usuarios_colono` (`user_ptr_id`, `amaterno`, `genero`, `telefono_celular`, `telefono_fijo`, `acepta_visitas`, `confirmado`, `fecha_creacion`, `fecha_edicion`, `estatus`, `usuario_creacion_id`, `usuario_edicion_id`) VALUES(164, 'TORRES', 'M', NULL, NULL, 1, '0', '2020-03-25 06:00:00.000000', NULL, 1, 1, NULL);
INSERT INTO `usuarios_colono` (`user_ptr_id`, `amaterno`, `genero`, `telefono_celular`, `telefono_fijo`, `acepta_visitas`, `confirmado`, `fecha_creacion`, `fecha_edicion`, `estatus`, `usuario_creacion_id`, `usuario_edicion_id`) VALUES(165, 'GARCIA', 'F', '4921220062', '4921215110', 1, '0', '2020-03-25 06:00:00.000000', NULL, 1, 1, NULL);
INSERT INTO `usuarios_colono` (`user_ptr_id`, `amaterno`, `genero`, `telefono_celular`, `telefono_fijo`, `acepta_visitas`, `confirmado`, `fecha_creacion`, `fecha_edicion`, `estatus`, `usuario_creacion_id`, `usuario_edicion_id`) VALUES(166, 'G.', 'M', NULL, NULL, 1, '0', '2020-03-25 06:00:00.000000', NULL, 1, 1, NULL);
INSERT INTO `usuarios_colono` (`user_ptr_id`, `amaterno`, `genero`, `telefono_celular`, `telefono_fijo`, `acepta_visitas`, `confirmado`, `fecha_creacion`, `fecha_edicion`, `estatus`, `usuario_creacion_id`, `usuario_edicion_id`) VALUES(167, NULL, 'M', '4928708989', NULL, 1, '0', '2020-03-25 06:00:00.000000', NULL, 1, 1, NULL);
INSERT INTO `usuarios_colono` (`user_ptr_id`, `amaterno`, `genero`, `telefono_celular`, `telefono_fijo`, `acepta_visitas`, `confirmado`, `fecha_creacion`, `fecha_edicion`, `estatus`, `usuario_creacion_id`, `usuario_edicion_id`) VALUES(168, 'MAYORGA', 'M', NULL, NULL, 1, '0', '2020-03-25 06:00:00.000000', NULL, 1, 1, NULL);
INSERT INTO `usuarios_colono` (`user_ptr_id`, `amaterno`, `genero`, `telefono_celular`, `telefono_fijo`, `acepta_visitas`, `confirmado`, `fecha_creacion`, `fecha_edicion`, `estatus`, `usuario_creacion_id`, `usuario_edicion_id`) VALUES(169, 'SORIANO', 'F', NULL, NULL, 1, '0', '2020-03-25 06:00:00.000000', NULL, 1, 1, NULL);
INSERT INTO `usuarios_colono` (`user_ptr_id`, `amaterno`, `genero`, `telefono_celular`, `telefono_fijo`, `acepta_visitas`, `confirmado`, `fecha_creacion`, `fecha_edicion`, `estatus`, `usuario_creacion_id`, `usuario_edicion_id`) VALUES(170, 'SORIANO', 'F', NULL, NULL, 1, '0', '2020-03-25 06:00:00.000000', NULL, 1, 1, NULL);
INSERT INTO `usuarios_colono` (`user_ptr_id`, `amaterno`, `genero`, `telefono_celular`, `telefono_fijo`, `acepta_visitas`, `confirmado`, `fecha_creacion`, `fecha_edicion`, `estatus`, `usuario_creacion_id`, `usuario_edicion_id`) VALUES(171, 'REYES', 'M', NULL, NULL, 1, '0', '2020-03-25 06:00:00.000000', NULL, 1, 1, NULL);
INSERT INTO `usuarios_colono` (`user_ptr_id`, `amaterno`, `genero`, `telefono_celular`, `telefono_fijo`, `acepta_visitas`, `confirmado`, `fecha_creacion`, `fecha_edicion`, `estatus`, `usuario_creacion_id`, `usuario_edicion_id`) VALUES(172, NULL, 'M', '4921320878', NULL, 1, '0', '2020-03-25 06:00:00.000000', NULL, 1, 1, NULL);
INSERT INTO `usuarios_colono` (`user_ptr_id`, `amaterno`, `genero`, `telefono_celular`, `telefono_fijo`, `acepta_visitas`, `confirmado`, `fecha_creacion`, `fecha_edicion`, `estatus`, `usuario_creacion_id`, `usuario_edicion_id`) VALUES(173, 'SALAS', 'M', '4925448493', NULL, 1, '0', '2020-03-25 06:00:00.000000', NULL, 1, 1, NULL);
INSERT INTO `usuarios_colono` (`user_ptr_id`, `amaterno`, `genero`, `telefono_celular`, `telefono_fijo`, `acepta_visitas`, `confirmado`, `fecha_creacion`, `fecha_edicion`, `estatus`, `usuario_creacion_id`, `usuario_edicion_id`) VALUES(174, 'CASTRO', 'F', '4921125590', NULL, 1, '0', '2020-03-25 06:00:00.000000', NULL, 1, 1, NULL);
INSERT INTO `usuarios_colono` (`user_ptr_id`, `amaterno`, `genero`, `telefono_celular`, `telefono_fijo`, `acepta_visitas`, `confirmado`, `fecha_creacion`, `fecha_edicion`, `estatus`, `usuario_creacion_id`, `usuario_edicion_id`) VALUES(175, 'MONTES', 'M', '4921537844', NULL, 1, '0', '2020-03-25 06:00:00.000000', NULL, 1, 1, NULL);
INSERT INTO `usuarios_colono` (`user_ptr_id`, `amaterno`, `genero`, `telefono_celular`, `telefono_fijo`, `acepta_visitas`, `confirmado`, `fecha_creacion`, `fecha_edicion`, `estatus`, `usuario_creacion_id`, `usuario_edicion_id`) VALUES(176, NULL, 'F', NULL, NULL, 1, '0', '2020-03-25 06:00:00.000000', NULL, 1, 1, NULL);
INSERT INTO `usuarios_colono` (`user_ptr_id`, `amaterno`, `genero`, `telefono_celular`, `telefono_fijo`, `acepta_visitas`, `confirmado`, `fecha_creacion`, `fecha_edicion`, `estatus`, `usuario_creacion_id`, `usuario_edicion_id`) VALUES(177, 'ROBLES', 'M', NULL, NULL, 1, '0', '2020-03-25 06:00:00.000000', NULL, 1, 1, NULL);
INSERT INTO `usuarios_colono` (`user_ptr_id`, `amaterno`, `genero`, `telefono_celular`, `telefono_fijo`, `acepta_visitas`, `confirmado`, `fecha_creacion`, `fecha_edicion`, `estatus`, `usuario_creacion_id`, `usuario_edicion_id`) VALUES(178, 'NUNGARAY', 'M', NULL, NULL, 1, '0', '2020-03-25 06:00:00.000000', NULL, 1, 1, NULL);
INSERT INTO `usuarios_colono` (`user_ptr_id`, `amaterno`, `genero`, `telefono_celular`, `telefono_fijo`, `acepta_visitas`, `confirmado`, `fecha_creacion`, `fecha_edicion`, `estatus`, `usuario_creacion_id`, `usuario_edicion_id`) VALUES(179, 'GOMEZ', 'F', NULL, NULL, 1, '0', '2020-03-25 06:00:00.000000', NULL, 1, 1, NULL);
INSERT INTO `usuarios_colono` (`user_ptr_id`, `amaterno`, `genero`, `telefono_celular`, `telefono_fijo`, `acepta_visitas`, `confirmado`, `fecha_creacion`, `fecha_edicion`, `estatus`, `usuario_creacion_id`, `usuario_edicion_id`) VALUES(180, 'ORTIZ', 'F', NULL, NULL, 1, '0', '2020-03-25 06:00:00.000000', NULL, 1, 1, NULL);
INSERT INTO `usuarios_colono` (`user_ptr_id`, `amaterno`, `genero`, `telefono_celular`, `telefono_fijo`, `acepta_visitas`, `confirmado`, `fecha_creacion`, `fecha_edicion`, `estatus`, `usuario_creacion_id`, `usuario_edicion_id`) VALUES(181, 'ULLOA', 'M', '4921441017', NULL, 1, '0', '2020-03-25 06:00:00.000000', NULL, 1, 1, NULL);
INSERT INTO `usuarios_colono` (`user_ptr_id`, `amaterno`, `genero`, `telefono_celular`, `telefono_fijo`, `acepta_visitas`, `confirmado`, `fecha_creacion`, `fecha_edicion`, `estatus`, `usuario_creacion_id`, `usuario_edicion_id`) VALUES(182, 'VARELA', 'F', NULL, NULL, 1, '0', '2020-03-25 06:00:00.000000', NULL, 1, 1, NULL);
INSERT INTO `usuarios_colono` (`user_ptr_id`, `amaterno`, `genero`, `telefono_celular`, `telefono_fijo`, `acepta_visitas`, `confirmado`, `fecha_creacion`, `fecha_edicion`, `estatus`, `usuario_creacion_id`, `usuario_edicion_id`) VALUES(183, 'RIVERA', 'M', NULL, NULL, 1, '0', '2020-03-25 06:00:00.000000', NULL, 1, 1, NULL);
INSERT INTO `usuarios_colono` (`user_ptr_id`, `amaterno`, `genero`, `telefono_celular`, `telefono_fijo`, `acepta_visitas`, `confirmado`, `fecha_creacion`, `fecha_edicion`, `estatus`, `usuario_creacion_id`, `usuario_edicion_id`) VALUES(184, 'MALDONADO', 'M', NULL, NULL, 1, '0', '2020-03-25 06:00:00.000000', NULL, 1, 1, NULL);
INSERT INTO `usuarios_colono` (`user_ptr_id`, `amaterno`, `genero`, `telefono_celular`, `telefono_fijo`, `acepta_visitas`, `confirmado`, `fecha_creacion`, `fecha_edicion`, `estatus`, `usuario_creacion_id`, `usuario_edicion_id`) VALUES(185, NULL, 'M', '4928708174', NULL, 1, '0', '2020-03-25 06:00:00.000000', NULL, 1, 1, NULL);
INSERT INTO `usuarios_colono` (`user_ptr_id`, `amaterno`, `genero`, `telefono_celular`, `telefono_fijo`, `acepta_visitas`, `confirmado`, `fecha_creacion`, `fecha_edicion`, `estatus`, `usuario_creacion_id`, `usuario_edicion_id`) VALUES(186, NULL, 'F', '4921297867', NULL, 1, '0', '2020-03-25 06:00:00.000000', NULL, 1, 1, NULL);
INSERT INTO `usuarios_colono` (`user_ptr_id`, `amaterno`, `genero`, `telefono_celular`, `telefono_fijo`, `acepta_visitas`, `confirmado`, `fecha_creacion`, `fecha_edicion`, `estatus`, `usuario_creacion_id`, `usuario_edicion_id`) VALUES(187, 'DE SANTIAGO', 'M', NULL, NULL, 1, '0', '2020-03-25 06:00:00.000000', NULL, 1, 1, NULL);
INSERT INTO `usuarios_colono` (`user_ptr_id`, `amaterno`, `genero`, `telefono_celular`, `telefono_fijo`, `acepta_visitas`, `confirmado`, `fecha_creacion`, `fecha_edicion`, `estatus`, `usuario_creacion_id`, `usuario_edicion_id`) VALUES(188, 'SARELLANO', 'F', '4921171732', '4921220393', 1, '0', '2020-03-25 06:00:00.000000', NULL, 1, 1, NULL);
INSERT INTO `usuarios_colono` (`user_ptr_id`, `amaterno`, `genero`, `telefono_celular`, `telefono_fijo`, `acepta_visitas`, `confirmado`, `fecha_creacion`, `fecha_edicion`, `estatus`, `usuario_creacion_id`, `usuario_edicion_id`) VALUES(189, 'RODRIGUEZ', 'F', '4921042544', '4929094469', 1, '0', '2020-03-25 06:00:00.000000', NULL, 1, 1, NULL);
INSERT INTO `usuarios_colono` (`user_ptr_id`, `amaterno`, `genero`, `telefono_celular`, `telefono_fijo`, `acepta_visitas`, `confirmado`, `fecha_creacion`, `fecha_edicion`, `estatus`, `usuario_creacion_id`, `usuario_edicion_id`) VALUES(190, 'VENEGAS', 'M', NULL, NULL, 1, '0', '2020-03-25 06:00:00.000000', NULL, 1, 1, NULL);
INSERT INTO `usuarios_colono` (`user_ptr_id`, `amaterno`, `genero`, `telefono_celular`, `telefono_fijo`, `acepta_visitas`, `confirmado`, `fecha_creacion`, `fecha_edicion`, `estatus`, `usuario_creacion_id`, `usuario_edicion_id`) VALUES(191, 'ORNELAS', 'F', NULL, NULL, 1, '0', '2020-03-25 06:00:00.000000', NULL, 1, 1, NULL);
INSERT INTO `usuarios_colono` (`user_ptr_id`, `amaterno`, `genero`, `telefono_celular`, `telefono_fijo`, `acepta_visitas`, `confirmado`, `fecha_creacion`, `fecha_edicion`, `estatus`, `usuario_creacion_id`, `usuario_edicion_id`) VALUES(192, NULL, 'M', NULL, NULL, 1, '0', '2020-03-25 06:00:00.000000', NULL, 1, 1, NULL);
INSERT INTO `usuarios_colono` (`user_ptr_id`, `amaterno`, `genero`, `telefono_celular`, `telefono_fijo`, `acepta_visitas`, `confirmado`, `fecha_creacion`, `fecha_edicion`, `estatus`, `usuario_creacion_id`, `usuario_edicion_id`) VALUES(193, 'VALDEZ', 'M', NULL, NULL, 1, '0', '2020-03-25 06:00:00.000000', NULL, 1, 1, NULL);
INSERT INTO `usuarios_colono` (`user_ptr_id`, `amaterno`, `genero`, `telefono_celular`, `telefono_fijo`, `acepta_visitas`, `confirmado`, `fecha_creacion`, `fecha_edicion`, `estatus`, `usuario_creacion_id`, `usuario_edicion_id`) VALUES(194, 'LOPEZ', 'F', '4921450765', '4921294460', 1, '0', '2020-03-25 06:00:00.000000', NULL, 1, 1, NULL);
INSERT INTO `usuarios_colono` (`user_ptr_id`, `amaterno`, `genero`, `telefono_celular`, `telefono_fijo`, `acepta_visitas`, `confirmado`, `fecha_creacion`, `fecha_edicion`, `estatus`, `usuario_creacion_id`, `usuario_edicion_id`) VALUES(195, NULL, 'M', NULL, NULL, 1, '0', '2020-03-25 06:00:00.000000', NULL, 1, 1, NULL);
INSERT INTO `usuarios_colono` (`user_ptr_id`, `amaterno`, `genero`, `telefono_celular`, `telefono_fijo`, `acepta_visitas`, `confirmado`, `fecha_creacion`, `fecha_edicion`, `estatus`, `usuario_creacion_id`, `usuario_edicion_id`) VALUES(196, 'APRESA', 'F', NULL, '4921330838', 1, '0', '2020-03-25 06:00:00.000000', NULL, 1, 1, NULL);
INSERT INTO `usuarios_colono` (`user_ptr_id`, `amaterno`, `genero`, `telefono_celular`, `telefono_fijo`, `acepta_visitas`, `confirmado`, `fecha_creacion`, `fecha_edicion`, `estatus`, `usuario_creacion_id`, `usuario_edicion_id`) VALUES(197, 'VARGAS', 'F', '4928698670', NULL, 1, '0', '2020-03-25 06:00:00.000000', NULL, 1, 1, NULL);
INSERT INTO `usuarios_colono` (`user_ptr_id`, `amaterno`, `genero`, `telefono_celular`, `telefono_fijo`, `acepta_visitas`, `confirmado`, `fecha_creacion`, `fecha_edicion`, `estatus`, `usuario_creacion_id`, `usuario_edicion_id`) VALUES(198, 'VEGA', 'M', NULL, NULL, 1, '0', '2020-03-25 06:00:00.000000', NULL, 1, 1, NULL);
INSERT INTO `usuarios_colono` (`user_ptr_id`, `amaterno`, `genero`, `telefono_celular`, `telefono_fijo`, `acepta_visitas`, `confirmado`, `fecha_creacion`, `fecha_edicion`, `estatus`, `usuario_creacion_id`, `usuario_edicion_id`) VALUES(199, 'GARZA', 'F', NULL, NULL, 1, '0', '2020-03-25 06:00:00.000000', NULL, 1, 1, NULL);
INSERT INTO `usuarios_colono` (`user_ptr_id`, `amaterno`, `genero`, `telefono_celular`, `telefono_fijo`, `acepta_visitas`, `confirmado`, `fecha_creacion`, `fecha_edicion`, `estatus`, `usuario_creacion_id`, `usuario_edicion_id`) VALUES(200, 'CASTILLO', 'M', '4921287235', '4921012612', 1, '0', '2020-03-25 06:00:00.000000', NULL, 1, 1, NULL);
INSERT INTO `usuarios_colono` (`user_ptr_id`, `amaterno`, `genero`, `telefono_celular`, `telefono_fijo`, `acepta_visitas`, `confirmado`, `fecha_creacion`, `fecha_edicion`, `estatus`, `usuario_creacion_id`, `usuario_edicion_id`) VALUES(201, 'ROMERO', 'F', NULL, NULL, 1, '0', '2020-03-25 06:00:00.000000', NULL, 1, 1, NULL);
INSERT INTO `usuarios_colono` (`user_ptr_id`, `amaterno`, `genero`, `telefono_celular`, `telefono_fijo`, `acepta_visitas`, `confirmado`, `fecha_creacion`, `fecha_edicion`, `estatus`, `usuario_creacion_id`, `usuario_edicion_id`) VALUES(202, 'RODRIGUEZ', 'M', NULL, NULL, 1, '0', '2020-03-25 06:00:00.000000', NULL, 1, 1, NULL);
INSERT INTO `usuarios_colono` (`user_ptr_id`, `amaterno`, `genero`, `telefono_celular`, `telefono_fijo`, `acepta_visitas`, `confirmado`, `fecha_creacion`, `fecha_edicion`, `estatus`, `usuario_creacion_id`, `usuario_edicion_id`) VALUES(203, 'ROSALES', 'F', '4921008749', '4921077365', 1, '0', '2020-03-25 06:00:00.000000', NULL, 1, 1, NULL);
INSERT INTO `usuarios_colono` (`user_ptr_id`, `amaterno`, `genero`, `telefono_celular`, `telefono_fijo`, `acepta_visitas`, `confirmado`, `fecha_creacion`, `fecha_edicion`, `estatus`, `usuario_creacion_id`, `usuario_edicion_id`) VALUES(204, 'ACUÑA', 'F', '4921734224', NULL, 1, '0', '2020-03-25 06:00:00.000000', NULL, 1, 1, NULL);
INSERT INTO `usuarios_colono` (`user_ptr_id`, `amaterno`, `genero`, `telefono_celular`, `telefono_fijo`, `acepta_visitas`, `confirmado`, `fecha_creacion`, `fecha_edicion`, `estatus`, `usuario_creacion_id`, `usuario_edicion_id`) VALUES(205, NULL, 'M', NULL, NULL, 1, '0', '2020-03-25 06:00:00.000000', NULL, 1, 1, NULL);
INSERT INTO `usuarios_colono` (`user_ptr_id`, `amaterno`, `genero`, `telefono_celular`, `telefono_fijo`, `acepta_visitas`, `confirmado`, `fecha_creacion`, `fecha_edicion`, `estatus`, `usuario_creacion_id`, `usuario_edicion_id`) VALUES(206, NULL, 'F', '4925834960', '4927957689', 1, '0', '2020-03-25 06:00:00.000000', NULL, 1, 1, NULL);
INSERT INTO `usuarios_colono` (`user_ptr_id`, `amaterno`, `genero`, `telefono_celular`, `telefono_fijo`, `acepta_visitas`, `confirmado`, `fecha_creacion`, `fecha_edicion`, `estatus`, `usuario_creacion_id`, `usuario_edicion_id`) VALUES(207, NULL, 'F', NULL, NULL, 1, '0', '2020-03-25 06:00:00.000000', NULL, 1, 1, NULL);
INSERT INTO `usuarios_colono` (`user_ptr_id`, `amaterno`, `genero`, `telefono_celular`, `telefono_fijo`, `acepta_visitas`, `confirmado`, `fecha_creacion`, `fecha_edicion`, `estatus`, `usuario_creacion_id`, `usuario_edicion_id`) VALUES(208, 'REVELES', 'M', NULL, NULL, 1, '0', '2020-03-25 06:00:00.000000', NULL, 1, 1, NULL);
INSERT INTO `usuarios_colono` (`user_ptr_id`, `amaterno`, `genero`, `telefono_celular`, `telefono_fijo`, `acepta_visitas`, `confirmado`, `fecha_creacion`, `fecha_edicion`, `estatus`, `usuario_creacion_id`, `usuario_edicion_id`) VALUES(209, NULL, 'F', '4928926618', NULL, 1, '0', '2020-03-25 06:00:00.000000', NULL, 1, 1, NULL);
INSERT INTO `usuarios_colono` (`user_ptr_id`, `amaterno`, `genero`, `telefono_celular`, `telefono_fijo`, `acepta_visitas`, `confirmado`, `fecha_creacion`, `fecha_edicion`, `estatus`, `usuario_creacion_id`, `usuario_edicion_id`) VALUES(210, NULL, 'F', '4921110215', NULL, 1, '0', '2020-03-25 06:00:00.000000', NULL, 1, 1, NULL);
INSERT INTO `usuarios_colono` (`user_ptr_id`, `amaterno`, `genero`, `telefono_celular`, `telefono_fijo`, `acepta_visitas`, `confirmado`, `fecha_creacion`, `fecha_edicion`, `estatus`, `usuario_creacion_id`, `usuario_edicion_id`) VALUES(211, NULL, 'M', NULL, NULL, 1, '0', '2020-03-25 06:00:00.000000', NULL, 1, 1, NULL);
INSERT INTO `usuarios_colono` (`user_ptr_id`, `amaterno`, `genero`, `telefono_celular`, `telefono_fijo`, `acepta_visitas`, `confirmado`, `fecha_creacion`, `fecha_edicion`, `estatus`, `usuario_creacion_id`, `usuario_edicion_id`) VALUES(212, NULL, 'M', NULL, NULL, 1, '0', '2020-03-25 06:00:00.000000', NULL, 1, 1, NULL);
INSERT INTO `usuarios_colono` (`user_ptr_id`, `amaterno`, `genero`, `telefono_celular`, `telefono_fijo`, `acepta_visitas`, `confirmado`, `fecha_creacion`, `fecha_edicion`, `estatus`, `usuario_creacion_id`, `usuario_edicion_id`) VALUES(213, 'CORDERO', 'F', '4921212909', '4921444197', 1, '0', '2020-03-25 06:00:00.000000', NULL, 1, 1, NULL);
INSERT INTO `usuarios_colono` (`user_ptr_id`, `amaterno`, `genero`, `telefono_celular`, `telefono_fijo`, `acepta_visitas`, `confirmado`, `fecha_creacion`, `fecha_edicion`, `estatus`, `usuario_creacion_id`, `usuario_edicion_id`) VALUES(214, NULL, 'F', NULL, NULL, 1, '0', '2020-03-25 06:00:00.000000', NULL, 1, 1, NULL);
INSERT INTO `usuarios_colono` (`user_ptr_id`, `amaterno`, `genero`, `telefono_celular`, `telefono_fijo`, `acepta_visitas`, `confirmado`, `fecha_creacion`, `fecha_edicion`, `estatus`, `usuario_creacion_id`, `usuario_edicion_id`) VALUES(215, NULL, 'M', NULL, NULL, 1, '0', '2020-03-25 06:00:00.000000', NULL, 1, 1, NULL);
INSERT INTO `usuarios_colono` (`user_ptr_id`, `amaterno`, `genero`, `telefono_celular`, `telefono_fijo`, `acepta_visitas`, `confirmado`, `fecha_creacion`, `fecha_edicion`, `estatus`, `usuario_creacion_id`, `usuario_edicion_id`) VALUES(216, NULL, 'M', NULL, NULL, 1, '0', '2020-03-25 06:00:00.000000', NULL, 1, 1, NULL);
INSERT INTO `usuarios_colono` (`user_ptr_id`, `amaterno`, `genero`, `telefono_celular`, `telefono_fijo`, `acepta_visitas`, `confirmado`, `fecha_creacion`, `fecha_edicion`, `estatus`, `usuario_creacion_id`, `usuario_edicion_id`) VALUES(217, NULL, 'F', '4921753571', '4921028924', 1, '0', '2020-03-25 06:00:00.000000', NULL, 1, 1, NULL);
INSERT INTO `usuarios_colono` (`user_ptr_id`, `amaterno`, `genero`, `telefono_celular`, `telefono_fijo`, `acepta_visitas`, `confirmado`, `fecha_creacion`, `fecha_edicion`, `estatus`, `usuario_creacion_id`, `usuario_edicion_id`) VALUES(218, NULL, 'M', '4921249752', NULL, 1, '0', '2020-03-25 06:00:00.000000', NULL, 1, 1, NULL);
INSERT INTO `usuarios_colono` (`user_ptr_id`, `amaterno`, `genero`, `telefono_celular`, `telefono_fijo`, `acepta_visitas`, `confirmado`, `fecha_creacion`, `fecha_edicion`, `estatus`, `usuario_creacion_id`, `usuario_edicion_id`) VALUES(219, 'FLORES', 'F', '4921269972', NULL, 1, '0', '2020-03-25 06:00:00.000000', NULL, 1, 1, NULL);
INSERT INTO `usuarios_colono` (`user_ptr_id`, `amaterno`, `genero`, `telefono_celular`, `telefono_fijo`, `acepta_visitas`, `confirmado`, `fecha_creacion`, `fecha_edicion`, `estatus`, `usuario_creacion_id`, `usuario_edicion_id`) VALUES(220, 'SERRANO', 'M', NULL, NULL, 1, '0', '2020-03-25 06:00:00.000000', NULL, 1, 1, NULL);
INSERT INTO `usuarios_colono` (`user_ptr_id`, `amaterno`, `genero`, `telefono_celular`, `telefono_fijo`, `acepta_visitas`, `confirmado`, `fecha_creacion`, `fecha_edicion`, `estatus`, `usuario_creacion_id`, `usuario_edicion_id`) VALUES(221, NULL, 'F', NULL, '4921138652', 1, '0', '2020-03-25 06:00:00.000000', NULL, 1, 1, NULL);
INSERT INTO `usuarios_colono` (`user_ptr_id`, `amaterno`, `genero`, `telefono_celular`, `telefono_fijo`, `acepta_visitas`, `confirmado`, `fecha_creacion`, `fecha_edicion`, `estatus`, `usuario_creacion_id`, `usuario_edicion_id`) VALUES(222, NULL, 'F', '4921296609', NULL, 1, '0', '2020-03-25 06:00:00.000000', NULL, 1, 1, NULL);
INSERT INTO `usuarios_colono` (`user_ptr_id`, `amaterno`, `genero`, `telefono_celular`, `telefono_fijo`, `acepta_visitas`, `confirmado`, `fecha_creacion`, `fecha_edicion`, `estatus`, `usuario_creacion_id`, `usuario_edicion_id`) VALUES(223, 'AVALOS', 'M', NULL, NULL, 1, '0', '2020-03-25 06:00:00.000000', NULL, 1, 1, NULL);
INSERT INTO `usuarios_colono` (`user_ptr_id`, `amaterno`, `genero`, `telefono_celular`, `telefono_fijo`, `acepta_visitas`, `confirmado`, `fecha_creacion`, `fecha_edicion`, `estatus`, `usuario_creacion_id`, `usuario_edicion_id`) VALUES(224, NULL, 'F', '4928706867', NULL, 1, '0', '2020-03-25 06:00:00.000000', NULL, 1, 1, NULL);
INSERT INTO `usuarios_colono` (`user_ptr_id`, `amaterno`, `genero`, `telefono_celular`, `telefono_fijo`, `acepta_visitas`, `confirmado`, `fecha_creacion`, `fecha_edicion`, `estatus`, `usuario_creacion_id`, `usuario_edicion_id`) VALUES(225, 'TEJADA', 'M', '4441221637', NULL, 1, '0', '2020-03-25 06:00:00.000000', NULL, 1, 1, NULL);
INSERT INTO `usuarios_colono` (`user_ptr_id`, `amaterno`, `genero`, `telefono_celular`, `telefono_fijo`, `acepta_visitas`, `confirmado`, `fecha_creacion`, `fecha_edicion`, `estatus`, `usuario_creacion_id`, `usuario_edicion_id`) VALUES(226, NULL, 'M', NULL, NULL, 1, '0', '2020-03-25 06:00:00.000000', NULL, 1, 1, NULL);
INSERT INTO `usuarios_colono` (`user_ptr_id`, `amaterno`, `genero`, `telefono_celular`, `telefono_fijo`, `acepta_visitas`, `confirmado`, `fecha_creacion`, `fecha_edicion`, `estatus`, `usuario_creacion_id`, `usuario_edicion_id`) VALUES(227, 'KOHLS', 'F', '4921650287', '4921329535', 1, '0', '2020-03-25 06:00:00.000000', NULL, 1, 1, NULL);
INSERT INTO `usuarios_colono` (`user_ptr_id`, `amaterno`, `genero`, `telefono_celular`, `telefono_fijo`, `acepta_visitas`, `confirmado`, `fecha_creacion`, `fecha_edicion`, `estatus`, `usuario_creacion_id`, `usuario_edicion_id`) VALUES(228, 'MACIAS', 'F', NULL, NULL, 1, '0', '2020-03-25 06:00:00.000000', NULL, 1, 1, NULL);
INSERT INTO `usuarios_colono` (`user_ptr_id`, `amaterno`, `genero`, `telefono_celular`, `telefono_fijo`, `acepta_visitas`, `confirmado`, `fecha_creacion`, `fecha_edicion`, `estatus`, `usuario_creacion_id`, `usuario_edicion_id`) VALUES(229, 'VEYNA', 'F', '4921253630', NULL, 1, '0', '2020-03-25 06:00:00.000000', NULL, 1, 1, NULL);
INSERT INTO `usuarios_colono` (`user_ptr_id`, `amaterno`, `genero`, `telefono_celular`, `telefono_fijo`, `acepta_visitas`, `confirmado`, `fecha_creacion`, `fecha_edicion`, `estatus`, `usuario_creacion_id`, `usuario_edicion_id`) VALUES(230, 'HERRERA', 'M', NULL, NULL, 1, '0', '2020-03-25 06:00:00.000000', NULL, 1, 1, NULL);
INSERT INTO `usuarios_colono` (`user_ptr_id`, `amaterno`, `genero`, `telefono_celular`, `telefono_fijo`, `acepta_visitas`, `confirmado`, `fecha_creacion`, `fecha_edicion`, `estatus`, `usuario_creacion_id`, `usuario_edicion_id`) VALUES(231, 'CASTAÑEDA', 'F', '4921628443', '4921618929', 1, '0', '2020-03-25 06:00:00.000000', NULL, 1, 1, NULL);
INSERT INTO `usuarios_colono` (`user_ptr_id`, `amaterno`, `genero`, `telefono_celular`, `telefono_fijo`, `acepta_visitas`, `confirmado`, `fecha_creacion`, `fecha_edicion`, `estatus`, `usuario_creacion_id`, `usuario_edicion_id`) VALUES(232, NULL, 'F', NULL, NULL, 1, '0', '2020-03-25 06:00:00.000000', NULL, 1, 1, NULL);
INSERT INTO `usuarios_colono` (`user_ptr_id`, `amaterno`, `genero`, `telefono_celular`, `telefono_fijo`, `acepta_visitas`, `confirmado`, `fecha_creacion`, `fecha_edicion`, `estatus`, `usuario_creacion_id`, `usuario_edicion_id`) VALUES(233, 'BENITEZ', 'F', NULL, NULL, 1, '0', '2020-03-25 06:00:00.000000', NULL, 1, 1, NULL);
INSERT INTO `usuarios_colono` (`user_ptr_id`, `amaterno`, `genero`, `telefono_celular`, `telefono_fijo`, `acepta_visitas`, `confirmado`, `fecha_creacion`, `fecha_edicion`, `estatus`, `usuario_creacion_id`, `usuario_edicion_id`) VALUES(234, 'DUEÑAS', 'M', '3173837363', NULL, 1, '0', '2020-03-25 06:00:00.000000', NULL, 1, 1, NULL);
INSERT INTO `usuarios_colono` (`user_ptr_id`, `amaterno`, `genero`, `telefono_celular`, `telefono_fijo`, `acepta_visitas`, `confirmado`, `fecha_creacion`, `fecha_edicion`, `estatus`, `usuario_creacion_id`, `usuario_edicion_id`) VALUES(235, 'CHAVE', 'M', NULL, NULL, 1, '0', '2020-03-25 06:00:00.000000', NULL, 1, 1, NULL);
INSERT INTO `usuarios_colono` (`user_ptr_id`, `amaterno`, `genero`, `telefono_celular`, `telefono_fijo`, `acepta_visitas`, `confirmado`, `fecha_creacion`, `fecha_edicion`, `estatus`, `usuario_creacion_id`, `usuario_edicion_id`) VALUES(236, 'BARRAZA', 'F', '4922037521', '4921139008', 1, '0', '2020-03-25 06:00:00.000000', NULL, 1, 1, NULL);
INSERT INTO `usuarios_colono` (`user_ptr_id`, `amaterno`, `genero`, `telefono_celular`, `telefono_fijo`, `acepta_visitas`, `confirmado`, `fecha_creacion`, `fecha_edicion`, `estatus`, `usuario_creacion_id`, `usuario_edicion_id`) VALUES(237, 'CASTAÑON', 'M', NULL, NULL, 1, '0', '2020-03-25 06:00:00.000000', NULL, 1, 1, NULL);
INSERT INTO `usuarios_colono` (`user_ptr_id`, `amaterno`, `genero`, `telefono_celular`, `telefono_fijo`, `acepta_visitas`, `confirmado`, `fecha_creacion`, `fecha_edicion`, `estatus`, `usuario_creacion_id`, `usuario_edicion_id`) VALUES(238, 'MEDINA', 'F', '4922033538', '4921926644', 1, '0', '2020-03-25 06:00:00.000000', NULL, 1, 1, NULL);
INSERT INTO `usuarios_colono` (`user_ptr_id`, `amaterno`, `genero`, `telefono_celular`, `telefono_fijo`, `acepta_visitas`, `confirmado`, `fecha_creacion`, `fecha_edicion`, `estatus`, `usuario_creacion_id`, `usuario_edicion_id`) VALUES(239, NULL, 'M', NULL, NULL, 1, '0', '2020-03-25 06:00:00.000000', NULL, 1, 1, NULL);
INSERT INTO `usuarios_colono` (`user_ptr_id`, `amaterno`, `genero`, `telefono_celular`, `telefono_fijo`, `acepta_visitas`, `confirmado`, `fecha_creacion`, `fecha_edicion`, `estatus`, `usuario_creacion_id`, `usuario_edicion_id`) VALUES(240, 'TREJO', 'F', '4922181701', '4921434600', 1, '0', '2020-03-25 06:00:00.000000', NULL, 1, 1, NULL);
INSERT INTO `usuarios_colono` (`user_ptr_id`, `amaterno`, `genero`, `telefono_celular`, `telefono_fijo`, `acepta_visitas`, `confirmado`, `fecha_creacion`, `fecha_edicion`, `estatus`, `usuario_creacion_id`, `usuario_edicion_id`) VALUES(241, 'MONCADA', 'M', NULL, NULL, 1, '0', '2020-03-25 06:00:00.000000', NULL, 1, 1, NULL);
INSERT INTO `usuarios_colono` (`user_ptr_id`, `amaterno`, `genero`, `telefono_celular`, `telefono_fijo`, `acepta_visitas`, `confirmado`, `fecha_creacion`, `fecha_edicion`, `estatus`, `usuario_creacion_id`, `usuario_edicion_id`) VALUES(242, NULL, 'F', NULL, NULL, 1, '0', '2020-03-25 06:00:00.000000', NULL, 1, 1, NULL);
INSERT INTO `usuarios_colono` (`user_ptr_id`, `amaterno`, `genero`, `telefono_celular`, `telefono_fijo`, `acepta_visitas`, `confirmado`, `fecha_creacion`, `fecha_edicion`, `estatus`, `usuario_creacion_id`, `usuario_edicion_id`) VALUES(243, 'SUAREZ', 'M', NULL, NULL, 1, '0', '2020-03-25 06:00:00.000000', NULL, 1, 1, NULL);
INSERT INTO `usuarios_colono` (`user_ptr_id`, `amaterno`, `genero`, `telefono_celular`, `telefono_fijo`, `acepta_visitas`, `confirmado`, `fecha_creacion`, `fecha_edicion`, `estatus`, `usuario_creacion_id`, `usuario_edicion_id`) VALUES(244, 'HERNANDEZ', 'F', '4921096867', '4922056733', 1, '0', '2020-03-25 06:00:00.000000', NULL, 1, 1, NULL);
INSERT INTO `usuarios_colono` (`user_ptr_id`, `amaterno`, `genero`, `telefono_celular`, `telefono_fijo`, `acepta_visitas`, `confirmado`, `fecha_creacion`, `fecha_edicion`, `estatus`, `usuario_creacion_id`, `usuario_edicion_id`) VALUES(245, NULL, 'F', NULL, NULL, 1, '0', '2020-03-25 06:00:00.000000', NULL, 1, 1, NULL);
INSERT INTO `usuarios_colono` (`user_ptr_id`, `amaterno`, `genero`, `telefono_celular`, `telefono_fijo`, `acepta_visitas`, `confirmado`, `fecha_creacion`, `fecha_edicion`, `estatus`, `usuario_creacion_id`, `usuario_edicion_id`) VALUES(246, NULL, 'M', '4444111629', NULL, 1, '0', '2020-03-25 06:00:00.000000', NULL, 1, 1, NULL);
INSERT INTO `usuarios_colono` (`user_ptr_id`, `amaterno`, `genero`, `telefono_celular`, `telefono_fijo`, `acepta_visitas`, `confirmado`, `fecha_creacion`, `fecha_edicion`, `estatus`, `usuario_creacion_id`, `usuario_edicion_id`) VALUES(247, NULL, 'F', '4921114391', NULL, 1, '0', '2020-03-25 06:00:00.000000', NULL, 1, 1, NULL);
INSERT INTO `usuarios_colono` (`user_ptr_id`, `amaterno`, `genero`, `telefono_celular`, `telefono_fijo`, `acepta_visitas`, `confirmado`, `fecha_creacion`, `fecha_edicion`, `estatus`, `usuario_creacion_id`, `usuario_edicion_id`) VALUES(248, 'RODRIGUEZ', 'M', NULL, NULL, 1, '0', '2020-03-25 06:00:00.000000', NULL, 1, 1, NULL);
INSERT INTO `usuarios_colono` (`user_ptr_id`, `amaterno`, `genero`, `telefono_celular`, `telefono_fijo`, `acepta_visitas`, `confirmado`, `fecha_creacion`, `fecha_edicion`, `estatus`, `usuario_creacion_id`, `usuario_edicion_id`) VALUES(249, 'RIVAPALACIOS', 'M', '4921236321', NULL, 1, '0', '2020-03-25 06:00:00.000000', NULL, 1, 1, NULL);
INSERT INTO `usuarios_colono` (`user_ptr_id`, `amaterno`, `genero`, `telefono_celular`, `telefono_fijo`, `acepta_visitas`, `confirmado`, `fecha_creacion`, `fecha_edicion`, `estatus`, `usuario_creacion_id`, `usuario_edicion_id`) VALUES(250, NULL, 'F', NULL, NULL, 1, '0', '2020-03-25 06:00:00.000000', NULL, 1, 1, NULL);
INSERT INTO `usuarios_colono` (`user_ptr_id`, `amaterno`, `genero`, `telefono_celular`, `telefono_fijo`, `acepta_visitas`, `confirmado`, `fecha_creacion`, `fecha_edicion`, `estatus`, `usuario_creacion_id`, `usuario_edicion_id`) VALUES(251, 'MEDINA', 'M', NULL, NULL, 1, '0', '2020-03-25 06:00:00.000000', NULL, 1, 1, NULL);
INSERT INTO `usuarios_colono` (`user_ptr_id`, `amaterno`, `genero`, `telefono_celular`, `telefono_fijo`, `acepta_visitas`, `confirmado`, `fecha_creacion`, `fecha_edicion`, `estatus`, `usuario_creacion_id`, `usuario_edicion_id`) VALUES(252, NULL, 'M', NULL, NULL, 1, '0', '2020-03-25 06:00:00.000000', NULL, 1, 1, NULL);
INSERT INTO `usuarios_colono` (`user_ptr_id`, `amaterno`, `genero`, `telefono_celular`, `telefono_fijo`, `acepta_visitas`, `confirmado`, `fecha_creacion`, `fecha_edicion`, `estatus`, `usuario_creacion_id`, `usuario_edicion_id`) VALUES(253, NULL, 'F', '4921167067', '4921171224', 1, '0', '2020-03-25 06:00:00.000000', NULL, 1, 1, NULL);
INSERT INTO `usuarios_colono` (`user_ptr_id`, `amaterno`, `genero`, `telefono_celular`, `telefono_fijo`, `acepta_visitas`, `confirmado`, `fecha_creacion`, `fecha_edicion`, `estatus`, `usuario_creacion_id`, `usuario_edicion_id`) VALUES(254, 'GARCIA', 'M', NULL, NULL, 1, '0', '2020-03-25 06:00:00.000000', NULL, 1, 1, NULL);
INSERT INTO `usuarios_colono` (`user_ptr_id`, `amaterno`, `genero`, `telefono_celular`, `telefono_fijo`, `acepta_visitas`, `confirmado`, `fecha_creacion`, `fecha_edicion`, `estatus`, `usuario_creacion_id`, `usuario_edicion_id`) VALUES(255, 'MUÑOZ', 'F', '8993781', '4921165027', 1, '0', '2020-03-25 06:00:00.000000', NULL, 1, 1, NULL);
INSERT INTO `usuarios_colono` (`user_ptr_id`, `amaterno`, `genero`, `telefono_celular`, `telefono_fijo`, `acepta_visitas`, `confirmado`, `fecha_creacion`, `fecha_edicion`, `estatus`, `usuario_creacion_id`, `usuario_edicion_id`) VALUES(256, NULL, 'F', '4921174972', NULL, 1, '0', '2020-03-25 06:00:00.000000', NULL, 1, 1, NULL);
INSERT INTO `usuarios_colono` (`user_ptr_id`, `amaterno`, `genero`, `telefono_celular`, `telefono_fijo`, `acepta_visitas`, `confirmado`, `fecha_creacion`, `fecha_edicion`, `estatus`, `usuario_creacion_id`, `usuario_edicion_id`) VALUES(257, 'MACIAS', 'M', NULL, NULL, 1, '0', '2020-03-25 06:00:00.000000', NULL, 1, 1, NULL);
INSERT INTO `usuarios_colono` (`user_ptr_id`, `amaterno`, `genero`, `telefono_celular`, `telefono_fijo`, `acepta_visitas`, `confirmado`, `fecha_creacion`, `fecha_edicion`, `estatus`, `usuario_creacion_id`, `usuario_edicion_id`) VALUES(258, 'MATA', 'M', NULL, NULL, 1, '0', '2020-03-25 06:00:00.000000', NULL, 1, 1, NULL);
INSERT INTO `usuarios_colono` (`user_ptr_id`, `amaterno`, `genero`, `telefono_celular`, `telefono_fijo`, `acepta_visitas`, `confirmado`, `fecha_creacion`, `fecha_edicion`, `estatus`, `usuario_creacion_id`, `usuario_edicion_id`) VALUES(259, NULL, 'F', NULL, '4921705189', 1, '0', '2020-03-25 06:00:00.000000', NULL, 1, 1, NULL);
INSERT INTO `usuarios_colono` (`user_ptr_id`, `amaterno`, `genero`, `telefono_celular`, `telefono_fijo`, `acepta_visitas`, `confirmado`, `fecha_creacion`, `fecha_edicion`, `estatus`, `usuario_creacion_id`, `usuario_edicion_id`) VALUES(260, 'LOERA', 'M', NULL, NULL, 1, '0', '2020-03-25 06:00:00.000000', NULL, 1, 1, NULL);
INSERT INTO `usuarios_colono` (`user_ptr_id`, `amaterno`, `genero`, `telefono_celular`, `telefono_fijo`, `acepta_visitas`, `confirmado`, `fecha_creacion`, `fecha_edicion`, `estatus`, `usuario_creacion_id`, `usuario_edicion_id`) VALUES(261, 'CAMPOS', 'F', '4921722165', '4921760606', 1, '0', '2020-03-25 06:00:00.000000', NULL, 1, 1, NULL);
INSERT INTO `usuarios_colono` (`user_ptr_id`, `amaterno`, `genero`, `telefono_celular`, `telefono_fijo`, `acepta_visitas`, `confirmado`, `fecha_creacion`, `fecha_edicion`, `estatus`, `usuario_creacion_id`, `usuario_edicion_id`) VALUES(262, 'NIEVES', 'F', NULL, NULL, 1, '0', '2020-03-25 06:00:00.000000', NULL, 1, 1, NULL);
INSERT INTO `usuarios_colono` (`user_ptr_id`, `amaterno`, `genero`, `telefono_celular`, `telefono_fijo`, `acepta_visitas`, `confirmado`, `fecha_creacion`, `fecha_edicion`, `estatus`, `usuario_creacion_id`, `usuario_edicion_id`) VALUES(263, 'CABRERA', 'M', NULL, NULL, 1, '0', '2020-03-25 06:00:00.000000', NULL, 1, 1, NULL);
INSERT INTO `usuarios_colono` (`user_ptr_id`, `amaterno`, `genero`, `telefono_celular`, `telefono_fijo`, `acepta_visitas`, `confirmado`, `fecha_creacion`, `fecha_edicion`, `estatus`, `usuario_creacion_id`, `usuario_edicion_id`) VALUES(264, 'ORTIZ', 'F', '4921960422', NULL, 1, '0', '2020-03-25 06:00:00.000000', NULL, 1, 1, NULL);
INSERT INTO `usuarios_colono` (`user_ptr_id`, `amaterno`, `genero`, `telefono_celular`, `telefono_fijo`, `acepta_visitas`, `confirmado`, `fecha_creacion`, `fecha_edicion`, `estatus`, `usuario_creacion_id`, `usuario_edicion_id`) VALUES(265, NULL, 'M', NULL, NULL, 1, '0', '2020-03-25 06:00:00.000000', NULL, 1, 1, NULL);
INSERT INTO `usuarios_colono` (`user_ptr_id`, `amaterno`, `genero`, `telefono_celular`, `telefono_fijo`, `acepta_visitas`, `confirmado`, `fecha_creacion`, `fecha_edicion`, `estatus`, `usuario_creacion_id`, `usuario_edicion_id`) VALUES(266, NULL, 'M', '4921274467', '3118479610', 1, '0', '2020-03-25 06:00:00.000000', NULL, 1, 1, NULL);
INSERT INTO `usuarios_colono` (`user_ptr_id`, `amaterno`, `genero`, `telefono_celular`, `telefono_fijo`, `acepta_visitas`, `confirmado`, `fecha_creacion`, `fecha_edicion`, `estatus`, `usuario_creacion_id`, `usuario_edicion_id`) VALUES(267, 'BALDERAS', 'M', NULL, NULL, 1, '0', '2020-03-25 06:00:00.000000', NULL, 1, 1, NULL);
INSERT INTO `usuarios_colono` (`user_ptr_id`, `amaterno`, `genero`, `telefono_celular`, `telefono_fijo`, `acepta_visitas`, `confirmado`, `fecha_creacion`, `fecha_edicion`, `estatus`, `usuario_creacion_id`, `usuario_edicion_id`) VALUES(268, 'HERNANDEZ', 'F', '4928691761', '4925591417', 1, '0', '2020-03-25 06:00:00.000000', NULL, 1, 1, NULL);
INSERT INTO `usuarios_colono` (`user_ptr_id`, `amaterno`, `genero`, `telefono_celular`, `telefono_fijo`, `acepta_visitas`, `confirmado`, `fecha_creacion`, `fecha_edicion`, `estatus`, `usuario_creacion_id`, `usuario_edicion_id`) VALUES(269, 'ESPARZA', 'M', '4921328568', NULL, 1, '0', '2020-03-25 06:00:00.000000', NULL, 1, 1, NULL);
INSERT INTO `usuarios_colono` (`user_ptr_id`, `amaterno`, `genero`, `telefono_celular`, `telefono_fijo`, `acepta_visitas`, `confirmado`, `fecha_creacion`, `fecha_edicion`, `estatus`, `usuario_creacion_id`, `usuario_edicion_id`) VALUES(270, 'SANCHEZ', 'M', '4921247532', NULL, 1, '0', '2020-03-25 06:00:00.000000', NULL, 1, 1, NULL);
INSERT INTO `usuarios_colono` (`user_ptr_id`, `amaterno`, `genero`, `telefono_celular`, `telefono_fijo`, `acepta_visitas`, `confirmado`, `fecha_creacion`, `fecha_edicion`, `estatus`, `usuario_creacion_id`, `usuario_edicion_id`) VALUES(271, NULL, 'F', NULL, NULL, 1, '0', '2020-03-25 06:00:00.000000', NULL, 1, 1, NULL);
INSERT INTO `usuarios_colono` (`user_ptr_id`, `amaterno`, `genero`, `telefono_celular`, `telefono_fijo`, `acepta_visitas`, `confirmado`, `fecha_creacion`, `fecha_edicion`, `estatus`, `usuario_creacion_id`, `usuario_edicion_id`) VALUES(272, NULL, 'M', '4921229692', '4921712544', 1, '0', '2020-03-25 06:00:00.000000', NULL, 1, 1, NULL);
INSERT INTO `usuarios_colono` (`user_ptr_id`, `amaterno`, `genero`, `telefono_celular`, `telefono_fijo`, `acepta_visitas`, `confirmado`, `fecha_creacion`, `fecha_edicion`, `estatus`, `usuario_creacion_id`, `usuario_edicion_id`) VALUES(273, 'IHIHI', 'M', '9999999999', '9000000000', 0, '0', '2020-03-28 06:00:00.000000', NULL, 1, 1, NULL);
INSERT INTO `usuarios_colono` (`user_ptr_id`, `amaterno`, `genero`, `telefono_celular`, `telefono_fijo`, `acepta_visitas`, `confirmado`, `fecha_creacion`, `fecha_edicion`, `estatus`, `usuario_creacion_id`, `usuario_edicion_id`) VALUES(274, '', 'F', '', '', 0, '0', '2020-03-29 06:00:00.000000', NULL, 1, 1, NULL);
INSERT INTO `usuarios_colono` (`user_ptr_id`, `amaterno`, `genero`, `telefono_celular`, `telefono_fijo`, `acepta_visitas`, `confirmado`, `fecha_creacion`, `fecha_edicion`, `estatus`, `usuario_creacion_id`, `usuario_edicion_id`) VALUES(275, 'VALLES', 'M', '4921118159', '', 0, '0', '2020-03-29 06:00:00.000000', NULL, 1, 1, NULL);
INSERT INTO `usuarios_colono` (`user_ptr_id`, `amaterno`, `genero`, `telefono_celular`, `telefono_fijo`, `acepta_visitas`, `confirmado`, `fecha_creacion`, `fecha_edicion`, `estatus`, `usuario_creacion_id`, `usuario_edicion_id`) VALUES(278, 'DUARTE', 'F', '4922041489', '', 0, '0', '2020-04-03 06:00:00.000000', NULL, 1, 1, NULL);

INSERT INTO `auth_group` (`id`, `name`) VALUES(1, 'Colonos');
INSERT INTO `auth_group` (`id`, `name`) VALUES(2, 'Vigilantes');

INSERT INTO `auth_group_permissions` (`id`, `group_id`, `permission_id`) VALUES(7, 1, 28);
INSERT INTO `auth_group_permissions` (`id`, `group_id`, `permission_id`) VALUES(9, 1, 32);
INSERT INTO `auth_group_permissions` (`id`, `group_id`, `permission_id`) VALUES(54, 1, 33);
INSERT INTO `auth_group_permissions` (`id`, `group_id`, `permission_id`) VALUES(11, 1, 36);
INSERT INTO `auth_group_permissions` (`id`, `group_id`, `permission_id`) VALUES(13, 1, 40);
INSERT INTO `auth_group_permissions` (`id`, `group_id`, `permission_id`) VALUES(15, 1, 44);
INSERT INTO `auth_group_permissions` (`id`, `group_id`, `permission_id`) VALUES(17, 1, 48);
INSERT INTO `auth_group_permissions` (`id`, `group_id`, `permission_id`) VALUES(19, 1, 52);
INSERT INTO `auth_group_permissions` (`id`, `group_id`, `permission_id`) VALUES(21, 1, 56);
INSERT INTO `auth_group_permissions` (`id`, `group_id`, `permission_id`) VALUES(23, 1, 60);
INSERT INTO `auth_group_permissions` (`id`, `group_id`, `permission_id`) VALUES(24, 1, 64);
INSERT INTO `auth_group_permissions` (`id`, `group_id`, `permission_id`) VALUES(53, 1, 65);
INSERT INTO `auth_group_permissions` (`id`, `group_id`, `permission_id`) VALUES(25, 1, 68);
INSERT INTO `auth_group_permissions` (`id`, `group_id`, `permission_id`) VALUES(26, 1, 72);
INSERT INTO `auth_group_permissions` (`id`, `group_id`, `permission_id`) VALUES(27, 1, 76);
INSERT INTO `auth_group_permissions` (`id`, `group_id`, `permission_id`) VALUES(28, 1, 80);
INSERT INTO `auth_group_permissions` (`id`, `group_id`, `permission_id`) VALUES(60, 1, 81);
INSERT INTO `auth_group_permissions` (`id`, `group_id`, `permission_id`) VALUES(29, 1, 84);
INSERT INTO `auth_group_permissions` (`id`, `group_id`, `permission_id`) VALUES(30, 1, 88);
INSERT INTO `auth_group_permissions` (`id`, `group_id`, `permission_id`) VALUES(31, 1, 92);
INSERT INTO `auth_group_permissions` (`id`, `group_id`, `permission_id`) VALUES(32, 1, 96);
INSERT INTO `auth_group_permissions` (`id`, `group_id`, `permission_id`) VALUES(55, 1, 97);
INSERT INTO `auth_group_permissions` (`id`, `group_id`, `permission_id`) VALUES(33, 1, 100);
INSERT INTO `auth_group_permissions` (`id`, `group_id`, `permission_id`) VALUES(56, 1, 101);
INSERT INTO `auth_group_permissions` (`id`, `group_id`, `permission_id`) VALUES(34, 1, 104);
INSERT INTO `auth_group_permissions` (`id`, `group_id`, `permission_id`) VALUES(35, 1, 108);
INSERT INTO `auth_group_permissions` (`id`, `group_id`, `permission_id`) VALUES(36, 1, 112);
INSERT INTO `auth_group_permissions` (`id`, `group_id`, `permission_id`) VALUES(37, 1, 116);
INSERT INTO `auth_group_permissions` (`id`, `group_id`, `permission_id`) VALUES(38, 1, 120);
INSERT INTO `auth_group_permissions` (`id`, `group_id`, `permission_id`) VALUES(39, 1, 124);
INSERT INTO `auth_group_permissions` (`id`, `group_id`, `permission_id`) VALUES(1, 1, 128);
INSERT INTO `auth_group_permissions` (`id`, `group_id`, `permission_id`) VALUES(2, 1, 132);
INSERT INTO `auth_group_permissions` (`id`, `group_id`, `permission_id`) VALUES(57, 1, 133);
INSERT INTO `auth_group_permissions` (`id`, `group_id`, `permission_id`) VALUES(58, 1, 137);
INSERT INTO `auth_group_permissions` (`id`, `group_id`, `permission_id`) VALUES(3, 1, 140);
INSERT INTO `auth_group_permissions` (`id`, `group_id`, `permission_id`) VALUES(59, 1, 141);
INSERT INTO `auth_group_permissions` (`id`, `group_id`, `permission_id`) VALUES(4, 1, 144);
INSERT INTO `auth_group_permissions` (`id`, `group_id`, `permission_id`) VALUES(61, 1, 145);
INSERT INTO `auth_group_permissions` (`id`, `group_id`, `permission_id`) VALUES(5, 1, 148);
INSERT INTO `auth_group_permissions` (`id`, `group_id`, `permission_id`) VALUES(6, 1, 152);
INSERT INTO `auth_group_permissions` (`id`, `group_id`, `permission_id`) VALUES(8, 1, 156);
INSERT INTO `auth_group_permissions` (`id`, `group_id`, `permission_id`) VALUES(10, 1, 160);
INSERT INTO `auth_group_permissions` (`id`, `group_id`, `permission_id`) VALUES(12, 1, 164);
INSERT INTO `auth_group_permissions` (`id`, `group_id`, `permission_id`) VALUES(14, 1, 168);
INSERT INTO `auth_group_permissions` (`id`, `group_id`, `permission_id`) VALUES(16, 1, 172);
INSERT INTO `auth_group_permissions` (`id`, `group_id`, `permission_id`) VALUES(18, 1, 176);
INSERT INTO `auth_group_permissions` (`id`, `group_id`, `permission_id`) VALUES(20, 1, 180);
INSERT INTO `auth_group_permissions` (`id`, `group_id`, `permission_id`) VALUES(22, 1, 184);
INSERT INTO `auth_group_permissions` (`id`, `group_id`, `permission_id`) VALUES(52, 2, 65);
INSERT INTO `auth_group_permissions` (`id`, `group_id`, `permission_id`) VALUES(47, 2, 85);
INSERT INTO `auth_group_permissions` (`id`, `group_id`, `permission_id`) VALUES(51, 2, 93);
INSERT INTO `auth_group_permissions` (`id`, `group_id`, `permission_id`) VALUES(49, 2, 153);
INSERT INTO `auth_group_permissions` (`id`, `group_id`, `permission_id`) VALUES(50, 2, 156);
INSERT INTO `auth_group_permissions` (`id`, `group_id`, `permission_id`) VALUES(48, 2, 157);
INSERT INTO `auth_group_permissions` (`id`, `group_id`, `permission_id`) VALUES(40, 2, 160);
INSERT INTO `auth_group_permissions` (`id`, `group_id`, `permission_id`) VALUES(41, 2, 161);
INSERT INTO `auth_group_permissions` (`id`, `group_id`, `permission_id`) VALUES(42, 2, 164);
INSERT INTO `auth_group_permissions` (`id`, `group_id`, `permission_id`) VALUES(43, 2, 165);
INSERT INTO `auth_group_permissions` (`id`, `group_id`, `permission_id`) VALUES(44, 2, 168);
INSERT INTO `auth_group_permissions` (`id`, `group_id`, `permission_id`) VALUES(45, 2, 169);
INSERT INTO `auth_group_permissions` (`id`, `group_id`, `permission_id`) VALUES(46, 2, 172);

INSERT INTO `auth_user_groups` (`id`, `user_id`, `group_id`) VALUES(1, 146, 1);
INSERT INTO `auth_user_groups` (`id`, `user_id`, `group_id`) VALUES(2, 147, 1);
INSERT INTO `auth_user_groups` (`id`, `user_id`, `group_id`) VALUES(3, 148, 1);
INSERT INTO `auth_user_groups` (`id`, `user_id`, `group_id`) VALUES(4, 149, 1);
INSERT INTO `auth_user_groups` (`id`, `user_id`, `group_id`) VALUES(5, 150, 1);
INSERT INTO `auth_user_groups` (`id`, `user_id`, `group_id`) VALUES(6, 151, 1);
INSERT INTO `auth_user_groups` (`id`, `user_id`, `group_id`) VALUES(7, 152, 1);
INSERT INTO `auth_user_groups` (`id`, `user_id`, `group_id`) VALUES(8, 153, 1);
INSERT INTO `auth_user_groups` (`id`, `user_id`, `group_id`) VALUES(9, 154, 1);
INSERT INTO `auth_user_groups` (`id`, `user_id`, `group_id`) VALUES(10, 155, 1);
INSERT INTO `auth_user_groups` (`id`, `user_id`, `group_id`) VALUES(11, 156, 1);
INSERT INTO `auth_user_groups` (`id`, `user_id`, `group_id`) VALUES(12, 157, 1);
INSERT INTO `auth_user_groups` (`id`, `user_id`, `group_id`) VALUES(13, 158, 1);
INSERT INTO `auth_user_groups` (`id`, `user_id`, `group_id`) VALUES(14, 159, 1);
INSERT INTO `auth_user_groups` (`id`, `user_id`, `group_id`) VALUES(15, 160, 1);
INSERT INTO `auth_user_groups` (`id`, `user_id`, `group_id`) VALUES(16, 161, 1);
INSERT INTO `auth_user_groups` (`id`, `user_id`, `group_id`) VALUES(17, 162, 1);
INSERT INTO `auth_user_groups` (`id`, `user_id`, `group_id`) VALUES(18, 163, 1);
INSERT INTO `auth_user_groups` (`id`, `user_id`, `group_id`) VALUES(19, 164, 1);
INSERT INTO `auth_user_groups` (`id`, `user_id`, `group_id`) VALUES(20, 165, 1);
INSERT INTO `auth_user_groups` (`id`, `user_id`, `group_id`) VALUES(21, 166, 1);
INSERT INTO `auth_user_groups` (`id`, `user_id`, `group_id`) VALUES(22, 167, 1);
INSERT INTO `auth_user_groups` (`id`, `user_id`, `group_id`) VALUES(23, 168, 1);
INSERT INTO `auth_user_groups` (`id`, `user_id`, `group_id`) VALUES(24, 169, 1);
INSERT INTO `auth_user_groups` (`id`, `user_id`, `group_id`) VALUES(25, 170, 1);
INSERT INTO `auth_user_groups` (`id`, `user_id`, `group_id`) VALUES(26, 171, 1);
INSERT INTO `auth_user_groups` (`id`, `user_id`, `group_id`) VALUES(27, 172, 1);
INSERT INTO `auth_user_groups` (`id`, `user_id`, `group_id`) VALUES(28, 173, 1);
INSERT INTO `auth_user_groups` (`id`, `user_id`, `group_id`) VALUES(29, 174, 1);
INSERT INTO `auth_user_groups` (`id`, `user_id`, `group_id`) VALUES(30, 175, 1);
INSERT INTO `auth_user_groups` (`id`, `user_id`, `group_id`) VALUES(31, 176, 1);
INSERT INTO `auth_user_groups` (`id`, `user_id`, `group_id`) VALUES(32, 177, 1);
INSERT INTO `auth_user_groups` (`id`, `user_id`, `group_id`) VALUES(33, 178, 1);
INSERT INTO `auth_user_groups` (`id`, `user_id`, `group_id`) VALUES(34, 179, 1);
INSERT INTO `auth_user_groups` (`id`, `user_id`, `group_id`) VALUES(35, 180, 1);
INSERT INTO `auth_user_groups` (`id`, `user_id`, `group_id`) VALUES(36, 181, 1);
INSERT INTO `auth_user_groups` (`id`, `user_id`, `group_id`) VALUES(37, 182, 1);
INSERT INTO `auth_user_groups` (`id`, `user_id`, `group_id`) VALUES(38, 183, 1);
INSERT INTO `auth_user_groups` (`id`, `user_id`, `group_id`) VALUES(39, 184, 1);
INSERT INTO `auth_user_groups` (`id`, `user_id`, `group_id`) VALUES(40, 185, 1);
INSERT INTO `auth_user_groups` (`id`, `user_id`, `group_id`) VALUES(41, 186, 1);
INSERT INTO `auth_user_groups` (`id`, `user_id`, `group_id`) VALUES(42, 187, 1);
INSERT INTO `auth_user_groups` (`id`, `user_id`, `group_id`) VALUES(43, 188, 1);
INSERT INTO `auth_user_groups` (`id`, `user_id`, `group_id`) VALUES(44, 189, 1);
INSERT INTO `auth_user_groups` (`id`, `user_id`, `group_id`) VALUES(45, 190, 1);
INSERT INTO `auth_user_groups` (`id`, `user_id`, `group_id`) VALUES(46, 191, 1);
INSERT INTO `auth_user_groups` (`id`, `user_id`, `group_id`) VALUES(47, 192, 1);
INSERT INTO `auth_user_groups` (`id`, `user_id`, `group_id`) VALUES(48, 193, 1);
INSERT INTO `auth_user_groups` (`id`, `user_id`, `group_id`) VALUES(49, 194, 1);
INSERT INTO `auth_user_groups` (`id`, `user_id`, `group_id`) VALUES(50, 195, 1);
INSERT INTO `auth_user_groups` (`id`, `user_id`, `group_id`) VALUES(51, 196, 1);
INSERT INTO `auth_user_groups` (`id`, `user_id`, `group_id`) VALUES(52, 197, 1);
INSERT INTO `auth_user_groups` (`id`, `user_id`, `group_id`) VALUES(53, 198, 1);
INSERT INTO `auth_user_groups` (`id`, `user_id`, `group_id`) VALUES(54, 199, 1);
INSERT INTO `auth_user_groups` (`id`, `user_id`, `group_id`) VALUES(55, 200, 1);
INSERT INTO `auth_user_groups` (`id`, `user_id`, `group_id`) VALUES(56, 201, 1);
INSERT INTO `auth_user_groups` (`id`, `user_id`, `group_id`) VALUES(57, 202, 1);
INSERT INTO `auth_user_groups` (`id`, `user_id`, `group_id`) VALUES(58, 203, 1);
INSERT INTO `auth_user_groups` (`id`, `user_id`, `group_id`) VALUES(59, 204, 1);
INSERT INTO `auth_user_groups` (`id`, `user_id`, `group_id`) VALUES(60, 205, 1);
INSERT INTO `auth_user_groups` (`id`, `user_id`, `group_id`) VALUES(61, 206, 1);
INSERT INTO `auth_user_groups` (`id`, `user_id`, `group_id`) VALUES(62, 207, 1);
INSERT INTO `auth_user_groups` (`id`, `user_id`, `group_id`) VALUES(63, 208, 1);
INSERT INTO `auth_user_groups` (`id`, `user_id`, `group_id`) VALUES(64, 209, 1);
INSERT INTO `auth_user_groups` (`id`, `user_id`, `group_id`) VALUES(65, 210, 1);
INSERT INTO `auth_user_groups` (`id`, `user_id`, `group_id`) VALUES(66, 211, 1);
INSERT INTO `auth_user_groups` (`id`, `user_id`, `group_id`) VALUES(67, 212, 1);
INSERT INTO `auth_user_groups` (`id`, `user_id`, `group_id`) VALUES(68, 213, 1);
INSERT INTO `auth_user_groups` (`id`, `user_id`, `group_id`) VALUES(69, 214, 1);
INSERT INTO `auth_user_groups` (`id`, `user_id`, `group_id`) VALUES(70, 215, 1);
INSERT INTO `auth_user_groups` (`id`, `user_id`, `group_id`) VALUES(71, 216, 1);
INSERT INTO `auth_user_groups` (`id`, `user_id`, `group_id`) VALUES(72, 217, 1);
INSERT INTO `auth_user_groups` (`id`, `user_id`, `group_id`) VALUES(73, 218, 1);
INSERT INTO `auth_user_groups` (`id`, `user_id`, `group_id`) VALUES(74, 219, 1);
INSERT INTO `auth_user_groups` (`id`, `user_id`, `group_id`) VALUES(75, 220, 1);
INSERT INTO `auth_user_groups` (`id`, `user_id`, `group_id`) VALUES(76, 221, 1);
INSERT INTO `auth_user_groups` (`id`, `user_id`, `group_id`) VALUES(77, 222, 1);
INSERT INTO `auth_user_groups` (`id`, `user_id`, `group_id`) VALUES(78, 223, 1);
INSERT INTO `auth_user_groups` (`id`, `user_id`, `group_id`) VALUES(79, 224, 1);
INSERT INTO `auth_user_groups` (`id`, `user_id`, `group_id`) VALUES(80, 225, 1);
INSERT INTO `auth_user_groups` (`id`, `user_id`, `group_id`) VALUES(81, 226, 1);
INSERT INTO `auth_user_groups` (`id`, `user_id`, `group_id`) VALUES(82, 227, 1);
INSERT INTO `auth_user_groups` (`id`, `user_id`, `group_id`) VALUES(83, 228, 1);
INSERT INTO `auth_user_groups` (`id`, `user_id`, `group_id`) VALUES(84, 229, 1);
INSERT INTO `auth_user_groups` (`id`, `user_id`, `group_id`) VALUES(85, 230, 1);
INSERT INTO `auth_user_groups` (`id`, `user_id`, `group_id`) VALUES(86, 231, 1);
INSERT INTO `auth_user_groups` (`id`, `user_id`, `group_id`) VALUES(87, 232, 1);
INSERT INTO `auth_user_groups` (`id`, `user_id`, `group_id`) VALUES(88, 233, 1);
INSERT INTO `auth_user_groups` (`id`, `user_id`, `group_id`) VALUES(89, 234, 1);
INSERT INTO `auth_user_groups` (`id`, `user_id`, `group_id`) VALUES(90, 235, 1);
INSERT INTO `auth_user_groups` (`id`, `user_id`, `group_id`) VALUES(91, 236, 1);
INSERT INTO `auth_user_groups` (`id`, `user_id`, `group_id`) VALUES(92, 237, 1);
INSERT INTO `auth_user_groups` (`id`, `user_id`, `group_id`) VALUES(93, 238, 1);
INSERT INTO `auth_user_groups` (`id`, `user_id`, `group_id`) VALUES(94, 239, 1);
INSERT INTO `auth_user_groups` (`id`, `user_id`, `group_id`) VALUES(95, 240, 1);
INSERT INTO `auth_user_groups` (`id`, `user_id`, `group_id`) VALUES(96, 241, 1);
INSERT INTO `auth_user_groups` (`id`, `user_id`, `group_id`) VALUES(97, 242, 1);
INSERT INTO `auth_user_groups` (`id`, `user_id`, `group_id`) VALUES(98, 243, 1);
INSERT INTO `auth_user_groups` (`id`, `user_id`, `group_id`) VALUES(99, 244, 1);
INSERT INTO `auth_user_groups` (`id`, `user_id`, `group_id`) VALUES(100, 245, 1);
INSERT INTO `auth_user_groups` (`id`, `user_id`, `group_id`) VALUES(101, 246, 1);
INSERT INTO `auth_user_groups` (`id`, `user_id`, `group_id`) VALUES(102, 247, 1);
INSERT INTO `auth_user_groups` (`id`, `user_id`, `group_id`) VALUES(103, 248, 1);
INSERT INTO `auth_user_groups` (`id`, `user_id`, `group_id`) VALUES(104, 249, 1);
INSERT INTO `auth_user_groups` (`id`, `user_id`, `group_id`) VALUES(105, 250, 1);
INSERT INTO `auth_user_groups` (`id`, `user_id`, `group_id`) VALUES(106, 251, 1);
INSERT INTO `auth_user_groups` (`id`, `user_id`, `group_id`) VALUES(107, 252, 1);
INSERT INTO `auth_user_groups` (`id`, `user_id`, `group_id`) VALUES(108, 253, 1);
INSERT INTO `auth_user_groups` (`id`, `user_id`, `group_id`) VALUES(109, 254, 1);
INSERT INTO `auth_user_groups` (`id`, `user_id`, `group_id`) VALUES(110, 255, 1);
INSERT INTO `auth_user_groups` (`id`, `user_id`, `group_id`) VALUES(111, 256, 1);
INSERT INTO `auth_user_groups` (`id`, `user_id`, `group_id`) VALUES(112, 257, 1);
INSERT INTO `auth_user_groups` (`id`, `user_id`, `group_id`) VALUES(113, 258, 1);
INSERT INTO `auth_user_groups` (`id`, `user_id`, `group_id`) VALUES(114, 259, 1);
INSERT INTO `auth_user_groups` (`id`, `user_id`, `group_id`) VALUES(115, 260, 1);
INSERT INTO `auth_user_groups` (`id`, `user_id`, `group_id`) VALUES(116, 261, 1);
INSERT INTO `auth_user_groups` (`id`, `user_id`, `group_id`) VALUES(117, 262, 1);
INSERT INTO `auth_user_groups` (`id`, `user_id`, `group_id`) VALUES(118, 263, 1);
INSERT INTO `auth_user_groups` (`id`, `user_id`, `group_id`) VALUES(119, 264, 1);
INSERT INTO `auth_user_groups` (`id`, `user_id`, `group_id`) VALUES(120, 265, 1);
INSERT INTO `auth_user_groups` (`id`, `user_id`, `group_id`) VALUES(121, 266, 1);
INSERT INTO `auth_user_groups` (`id`, `user_id`, `group_id`) VALUES(122, 267, 1);
INSERT INTO `auth_user_groups` (`id`, `user_id`, `group_id`) VALUES(123, 268, 1);
INSERT INTO `auth_user_groups` (`id`, `user_id`, `group_id`) VALUES(124, 269, 1);
INSERT INTO `auth_user_groups` (`id`, `user_id`, `group_id`) VALUES(125, 270, 1);
INSERT INTO `auth_user_groups` (`id`, `user_id`, `group_id`) VALUES(126, 271, 1);
INSERT INTO `auth_user_groups` (`id`, `user_id`, `group_id`) VALUES(127, 272, 1);
INSERT INTO `auth_user_groups` (`id`, `user_id`, `group_id`) VALUES(128, 273, 1);
INSERT INTO `auth_user_groups` (`id`, `user_id`, `group_id`) VALUES(129, 274, 1);
INSERT INTO `auth_user_groups` (`id`, `user_id`, `group_id`) VALUES(130, 275, 1);
INSERT INTO `auth_user_groups` (`id`, `user_id`, `group_id`) VALUES(131, 277, 2);


INSERT INTO `domicilios_calle` (`id`, `nombre`, `fecha_creacion`, `fecha_edicion`, `estatus`, `usuario_creacion_id`, `usuario_edicion_id`) VALUES(1, 'SIERRA DE TAMAULIPAS', '2020-03-25 06:00:00.000000', NULL, 1, 1, NULL);
INSERT INTO `domicilios_calle` (`id`, `nombre`, `fecha_creacion`, `fecha_edicion`, `estatus`, `usuario_creacion_id`, `usuario_edicion_id`) VALUES(2, 'SIERRA DE GUANAJUATO', '2020-03-25 06:00:00.000000', NULL, 1, 1, NULL);
INSERT INTO `domicilios_calle` (`id`, `nombre`, `fecha_creacion`, `fecha_edicion`, `estatus`, `usuario_creacion_id`, `usuario_edicion_id`) VALUES(3, 'SIERRA SANTA CATALINA', '2020-03-25 06:00:00.000000', NULL, 1, 1, NULL);
INSERT INTO `domicilios_calle` (`id`, `nombre`, `fecha_creacion`, `fecha_edicion`, `estatus`, `usuario_creacion_id`, `usuario_edicion_id`) VALUES(4, 'SIERRA DE LAS CRUCES', '2020-03-25 06:00:00.000000', NULL, 1, 1, NULL);
INSERT INTO `domicilios_calle` (`id`, `nombre`, `fecha_creacion`, `fecha_edicion`, `estatus`, `usuario_creacion_id`, `usuario_edicion_id`) VALUES(5, 'CERRO DE LA ESTRELLA', '2020-03-25 06:00:00.000000', NULL, 1, 1, NULL);
INSERT INTO `domicilios_calle` (`id`, `nombre`, `fecha_creacion`, `fecha_edicion`, `estatus`, `usuario_creacion_id`, `usuario_edicion_id`) VALUES(6, 'CERRITO DE JEREZ', '2020-03-25 06:00:00.000000', NULL, 1, 1, NULL);

INSERT INTO `domicilios_tipodomicilio` (`id`, `descripcion`, `habitable`, `fecha_creacion`, `fecha_edicion`, `estatus`, `usuario_creacion_id`, `usuario_edicion_id`) VALUES(1, 'TERRENO', 0, '2020-03-25 06:00:00.000000', NULL, 1, 1, NULL);
INSERT INTO `domicilios_tipodomicilio` (`id`, `descripcion`, `habitable`, `fecha_creacion`, `fecha_edicion`, `estatus`, `usuario_creacion_id`, `usuario_edicion_id`) VALUES(2, 'CASA HABITACION', 1, '2020-03-25 06:00:00.000000', NULL, 1, 1, NULL);
INSERT INTO `domicilios_tipodomicilio` (`id`, `descripcion`, `habitable`, `fecha_creacion`, `fecha_edicion`, `estatus`, `usuario_creacion_id`, `usuario_edicion_id`) VALUES(3, 'CASA EN RENTA', 1, '2020-03-25 06:00:00.000000', NULL, 1, 1, NULL);

INSERT INTO `domicilios_domicilio` (`id`, `num_domicilio`, `fecha_creacion`, `fecha_edicion`, `estatus`, `calle_id`, `tipo_domicilio_id`, `titular_id`, `usuario_creacion_id`, `usuario_edicion_id`) VALUES(299, '102', '2020-03-25 06:00:00.000000', NULL, 1, 4, 1, NULL, 1, NULL);
INSERT INTO `domicilios_domicilio` (`id`, `num_domicilio`, `fecha_creacion`, `fecha_edicion`, `estatus`, `calle_id`, `tipo_domicilio_id`, `titular_id`, `usuario_creacion_id`, `usuario_edicion_id`) VALUES(301, '104', '2020-03-25 06:00:00.000000', NULL, 1, 4, 1, NULL, 1, NULL);
INSERT INTO `domicilios_domicilio` (`id`, `num_domicilio`, `fecha_creacion`, `fecha_edicion`, `estatus`, `calle_id`, `tipo_domicilio_id`, `titular_id`, `usuario_creacion_id`, `usuario_edicion_id`) VALUES(302, '105', '2020-03-25 06:00:00.000000', NULL, 1, 4, 1, NULL, 1, NULL);
INSERT INTO `domicilios_domicilio` (`id`, `num_domicilio`, `fecha_creacion`, `fecha_edicion`, `estatus`, `calle_id`, `tipo_domicilio_id`, `titular_id`, `usuario_creacion_id`, `usuario_edicion_id`) VALUES(303, '106', '2020-03-25 06:00:00.000000', NULL, 1, 4, 1, NULL, 1, NULL);
INSERT INTO `domicilios_domicilio` (`id`, `num_domicilio`, `fecha_creacion`, `fecha_edicion`, `estatus`, `calle_id`, `tipo_domicilio_id`, `titular_id`, `usuario_creacion_id`, `usuario_edicion_id`) VALUES(306, '109', '2020-03-25 06:00:00.000000', NULL, 1, 4, 1, NULL, 1, NULL);
INSERT INTO `domicilios_domicilio` (`id`, `num_domicilio`, `fecha_creacion`, `fecha_edicion`, `estatus`, `calle_id`, `tipo_domicilio_id`, `titular_id`, `usuario_creacion_id`, `usuario_edicion_id`) VALUES(307, '110', '2020-03-25 06:00:00.000000', NULL, 1, 4, 1, NULL, 1, NULL);
INSERT INTO `domicilios_domicilio` (`id`, `num_domicilio`, `fecha_creacion`, `fecha_edicion`, `estatus`, `calle_id`, `tipo_domicilio_id`, `titular_id`, `usuario_creacion_id`, `usuario_edicion_id`) VALUES(308, '111', '2020-03-25 06:00:00.000000', NULL, 1, 4, 1, NULL, 1, NULL);
INSERT INTO `domicilios_domicilio` (`id`, `num_domicilio`, `fecha_creacion`, `fecha_edicion`, `estatus`, `calle_id`, `tipo_domicilio_id`, `titular_id`, `usuario_creacion_id`, `usuario_edicion_id`) VALUES(310, '113', '2020-03-25 06:00:00.000000', NULL, 1, 4, 1, NULL, 1, NULL);
INSERT INTO `domicilios_domicilio` (`id`, `num_domicilio`, `fecha_creacion`, `fecha_edicion`, `estatus`, `calle_id`, `tipo_domicilio_id`, `titular_id`, `usuario_creacion_id`, `usuario_edicion_id`) VALUES(312, '115', '2020-03-25 06:00:00.000000', NULL, 1, 4, 1, NULL, 1, NULL);
INSERT INTO `domicilios_domicilio` (`id`, `num_domicilio`, `fecha_creacion`, `fecha_edicion`, `estatus`, `calle_id`, `tipo_domicilio_id`, `titular_id`, `usuario_creacion_id`, `usuario_edicion_id`) VALUES(314, '117', '2020-03-25 06:00:00.000000', NULL, 1, 4, 1, NULL, 1, NULL);
INSERT INTO `domicilios_domicilio` (`id`, `num_domicilio`, `fecha_creacion`, `fecha_edicion`, `estatus`, `calle_id`, `tipo_domicilio_id`, `titular_id`, `usuario_creacion_id`, `usuario_edicion_id`) VALUES(315, '118', '2020-03-25 06:00:00.000000', NULL, 1, 4, 1, NULL, 1, NULL);
INSERT INTO `domicilios_domicilio` (`id`, `num_domicilio`, `fecha_creacion`, `fecha_edicion`, `estatus`, `calle_id`, `tipo_domicilio_id`, `titular_id`, `usuario_creacion_id`, `usuario_edicion_id`) VALUES(317, '120', '2020-03-25 06:00:00.000000', NULL, 1, 4, 1, NULL, 1, NULL);
INSERT INTO `domicilios_domicilio` (`id`, `num_domicilio`, `fecha_creacion`, `fecha_edicion`, `estatus`, `calle_id`, `tipo_domicilio_id`, `titular_id`, `usuario_creacion_id`, `usuario_edicion_id`) VALUES(318, '121', '2020-03-25 06:00:00.000000', NULL, 1, 4, 1, NULL, 1, NULL);
INSERT INTO `domicilios_domicilio` (`id`, `num_domicilio`, `fecha_creacion`, `fecha_edicion`, `estatus`, `calle_id`, `tipo_domicilio_id`, `titular_id`, `usuario_creacion_id`, `usuario_edicion_id`) VALUES(319, '122', '2020-03-25 06:00:00.000000', NULL, 1, 4, 1, NULL, 1, NULL);
INSERT INTO `domicilios_domicilio` (`id`, `num_domicilio`, `fecha_creacion`, `fecha_edicion`, `estatus`, `calle_id`, `tipo_domicilio_id`, `titular_id`, `usuario_creacion_id`, `usuario_edicion_id`) VALUES(321, '124', '2020-03-25 06:00:00.000000', NULL, 1, 4, 1, NULL, 1, NULL);
INSERT INTO `domicilios_domicilio` (`id`, `num_domicilio`, `fecha_creacion`, `fecha_edicion`, `estatus`, `calle_id`, `tipo_domicilio_id`, `titular_id`, `usuario_creacion_id`, `usuario_edicion_id`) VALUES(323, '126', '2020-03-25 06:00:00.000000', NULL, 1, 4, 1, NULL, 1, NULL);
INSERT INTO `domicilios_domicilio` (`id`, `num_domicilio`, `fecha_creacion`, `fecha_edicion`, `estatus`, `calle_id`, `tipo_domicilio_id`, `titular_id`, `usuario_creacion_id`, `usuario_edicion_id`) VALUES(325, '128', '2020-03-25 06:00:00.000000', NULL, 1, 4, 1, NULL, 1, NULL);
INSERT INTO `domicilios_domicilio` (`id`, `num_domicilio`, `fecha_creacion`, `fecha_edicion`, `estatus`, `calle_id`, `tipo_domicilio_id`, `titular_id`, `usuario_creacion_id`, `usuario_edicion_id`) VALUES(326, '129', '2020-03-25 06:00:00.000000', NULL, 1, 4, 1, NULL, 1, NULL);
INSERT INTO `domicilios_domicilio` (`id`, `num_domicilio`, `fecha_creacion`, `fecha_edicion`, `estatus`, `calle_id`, `tipo_domicilio_id`, `titular_id`, `usuario_creacion_id`, `usuario_edicion_id`) VALUES(327, '130', '2020-03-25 06:00:00.000000', NULL, 1, 4, 1, NULL, 1, NULL);
INSERT INTO `domicilios_domicilio` (`id`, `num_domicilio`, `fecha_creacion`, `fecha_edicion`, `estatus`, `calle_id`, `tipo_domicilio_id`, `titular_id`, `usuario_creacion_id`, `usuario_edicion_id`) VALUES(329, '132', '2020-03-25 06:00:00.000000', NULL, 1, 4, 1, NULL, 1, NULL);
INSERT INTO `domicilios_domicilio` (`id`, `num_domicilio`, `fecha_creacion`, `fecha_edicion`, `estatus`, `calle_id`, `tipo_domicilio_id`, `titular_id`, `usuario_creacion_id`, `usuario_edicion_id`) VALUES(332, '135', '2020-03-25 06:00:00.000000', NULL, 1, 4, 1, NULL, 1, NULL);
INSERT INTO `domicilios_domicilio` (`id`, `num_domicilio`, `fecha_creacion`, `fecha_edicion`, `estatus`, `calle_id`, `tipo_domicilio_id`, `titular_id`, `usuario_creacion_id`, `usuario_edicion_id`) VALUES(333, '136', '2020-03-25 06:00:00.000000', NULL, 1, 4, 1, NULL, 1, NULL);
INSERT INTO `domicilios_domicilio` (`id`, `num_domicilio`, `fecha_creacion`, `fecha_edicion`, `estatus`, `calle_id`, `tipo_domicilio_id`, `titular_id`, `usuario_creacion_id`, `usuario_edicion_id`) VALUES(334, '137', '2020-03-25 06:00:00.000000', NULL, 1, 4, 1, NULL, 1, NULL);
INSERT INTO `domicilios_domicilio` (`id`, `num_domicilio`, `fecha_creacion`, `fecha_edicion`, `estatus`, `calle_id`, `tipo_domicilio_id`, `titular_id`, `usuario_creacion_id`, `usuario_edicion_id`) VALUES(335, '138', '2020-03-25 06:00:00.000000', NULL, 1, 4, 1, NULL, 1, NULL);
INSERT INTO `domicilios_domicilio` (`id`, `num_domicilio`, `fecha_creacion`, `fecha_edicion`, `estatus`, `calle_id`, `tipo_domicilio_id`, `titular_id`, `usuario_creacion_id`, `usuario_edicion_id`) VALUES(336, '139', '2020-03-25 06:00:00.000000', NULL, 1, 4, 1, NULL, 1, NULL);
INSERT INTO `domicilios_domicilio` (`id`, `num_domicilio`, `fecha_creacion`, `fecha_edicion`, `estatus`, `calle_id`, `tipo_domicilio_id`, `titular_id`, `usuario_creacion_id`, `usuario_edicion_id`) VALUES(339, '142', '2020-03-25 06:00:00.000000', NULL, 1, 4, 1, NULL, 1, NULL);
INSERT INTO `domicilios_domicilio` (`id`, `num_domicilio`, `fecha_creacion`, `fecha_edicion`, `estatus`, `calle_id`, `tipo_domicilio_id`, `titular_id`, `usuario_creacion_id`, `usuario_edicion_id`) VALUES(343, '146', '2020-03-25 06:00:00.000000', NULL, 1, 4, 1, NULL, 1, NULL);
INSERT INTO `domicilios_domicilio` (`id`, `num_domicilio`, `fecha_creacion`, `fecha_edicion`, `estatus`, `calle_id`, `tipo_domicilio_id`, `titular_id`, `usuario_creacion_id`, `usuario_edicion_id`) VALUES(344, '147', '2020-03-25 06:00:00.000000', NULL, 1, 4, 1, NULL, 1, NULL);
INSERT INTO `domicilios_domicilio` (`id`, `num_domicilio`, `fecha_creacion`, `fecha_edicion`, `estatus`, `calle_id`, `tipo_domicilio_id`, `titular_id`, `usuario_creacion_id`, `usuario_edicion_id`) VALUES(347, '101', '2020-03-25 06:00:00.000000', NULL, 1, 2, 1, NULL, 1, NULL);
INSERT INTO `domicilios_domicilio` (`id`, `num_domicilio`, `fecha_creacion`, `fecha_edicion`, `estatus`, `calle_id`, `tipo_domicilio_id`, `titular_id`, `usuario_creacion_id`, `usuario_edicion_id`) VALUES(348, '102', '2020-03-25 06:00:00.000000', NULL, 1, 2, 1, NULL, 1, NULL);
INSERT INTO `domicilios_domicilio` (`id`, `num_domicilio`, `fecha_creacion`, `fecha_edicion`, `estatus`, `calle_id`, `tipo_domicilio_id`, `titular_id`, `usuario_creacion_id`, `usuario_edicion_id`) VALUES(355, '109', '2020-03-25 06:00:00.000000', NULL, 1, 2, 1, NULL, 1, NULL);
INSERT INTO `domicilios_domicilio` (`id`, `num_domicilio`, `fecha_creacion`, `fecha_edicion`, `estatus`, `calle_id`, `tipo_domicilio_id`, `titular_id`, `usuario_creacion_id`, `usuario_edicion_id`) VALUES(358, '112', '2020-03-25 06:00:00.000000', NULL, 1, 2, 1, NULL, 1, NULL);
INSERT INTO `domicilios_domicilio` (`id`, `num_domicilio`, `fecha_creacion`, `fecha_edicion`, `estatus`, `calle_id`, `tipo_domicilio_id`, `titular_id`, `usuario_creacion_id`, `usuario_edicion_id`) VALUES(360, '114', '2020-03-25 06:00:00.000000', NULL, 1, 2, 1, NULL, 1, NULL);
INSERT INTO `domicilios_domicilio` (`id`, `num_domicilio`, `fecha_creacion`, `fecha_edicion`, `estatus`, `calle_id`, `tipo_domicilio_id`, `titular_id`, `usuario_creacion_id`, `usuario_edicion_id`) VALUES(364, '118', '2020-03-25 06:00:00.000000', NULL, 1, 2, 1, NULL, 1, NULL);
INSERT INTO `domicilios_domicilio` (`id`, `num_domicilio`, `fecha_creacion`, `fecha_edicion`, `estatus`, `calle_id`, `tipo_domicilio_id`, `titular_id`, `usuario_creacion_id`, `usuario_edicion_id`) VALUES(365, '119', '2020-03-25 06:00:00.000000', NULL, 1, 2, 1, NULL, 1, NULL);
INSERT INTO `domicilios_domicilio` (`id`, `num_domicilio`, `fecha_creacion`, `fecha_edicion`, `estatus`, `calle_id`, `tipo_domicilio_id`, `titular_id`, `usuario_creacion_id`, `usuario_edicion_id`) VALUES(366, '120', '2020-03-25 06:00:00.000000', NULL, 1, 2, 1, NULL, 1, NULL);
INSERT INTO `domicilios_domicilio` (`id`, `num_domicilio`, `fecha_creacion`, `fecha_edicion`, `estatus`, `calle_id`, `tipo_domicilio_id`, `titular_id`, `usuario_creacion_id`, `usuario_edicion_id`) VALUES(367, '121', '2020-03-25 06:00:00.000000', NULL, 1, 2, 1, NULL, 1, NULL);
INSERT INTO `domicilios_domicilio` (`id`, `num_domicilio`, `fecha_creacion`, `fecha_edicion`, `estatus`, `calle_id`, `tipo_domicilio_id`, `titular_id`, `usuario_creacion_id`, `usuario_edicion_id`) VALUES(369, '123', '2020-03-25 06:00:00.000000', NULL, 1, 2, 1, NULL, 1, NULL);
INSERT INTO `domicilios_domicilio` (`id`, `num_domicilio`, `fecha_creacion`, `fecha_edicion`, `estatus`, `calle_id`, `tipo_domicilio_id`, `titular_id`, `usuario_creacion_id`, `usuario_edicion_id`) VALUES(370, '124', '2020-03-25 06:00:00.000000', NULL, 1, 2, 1, NULL, 1, NULL);
INSERT INTO `domicilios_domicilio` (`id`, `num_domicilio`, `fecha_creacion`, `fecha_edicion`, `estatus`, `calle_id`, `tipo_domicilio_id`, `titular_id`, `usuario_creacion_id`, `usuario_edicion_id`) VALUES(373, '130', '2020-03-25 06:00:00.000000', NULL, 1, 2, 1, NULL, 1, NULL);
INSERT INTO `domicilios_domicilio` (`id`, `num_domicilio`, `fecha_creacion`, `fecha_edicion`, `estatus`, `calle_id`, `tipo_domicilio_id`, `titular_id`, `usuario_creacion_id`, `usuario_edicion_id`) VALUES(374, '132', '2020-03-25 06:00:00.000000', NULL, 1, 2, 1, NULL, 1, NULL);
INSERT INTO `domicilios_domicilio` (`id`, `num_domicilio`, `fecha_creacion`, `fecha_edicion`, `estatus`, `calle_id`, `tipo_domicilio_id`, `titular_id`, `usuario_creacion_id`, `usuario_edicion_id`) VALUES(375, '134', '2020-03-25 06:00:00.000000', NULL, 1, 2, 1, NULL, 1, NULL);
INSERT INTO `domicilios_domicilio` (`id`, `num_domicilio`, `fecha_creacion`, `fecha_edicion`, `estatus`, `calle_id`, `tipo_domicilio_id`, `titular_id`, `usuario_creacion_id`, `usuario_edicion_id`) VALUES(376, '136', '2020-03-25 06:00:00.000000', NULL, 1, 2, 1, NULL, 1, NULL);
INSERT INTO `domicilios_domicilio` (`id`, `num_domicilio`, `fecha_creacion`, `fecha_edicion`, `estatus`, `calle_id`, `tipo_domicilio_id`, `titular_id`, `usuario_creacion_id`, `usuario_edicion_id`) VALUES(377, '138', '2020-03-25 06:00:00.000000', NULL, 1, 2, 1, NULL, 1, NULL);
INSERT INTO `domicilios_domicilio` (`id`, `num_domicilio`, `fecha_creacion`, `fecha_edicion`, `estatus`, `calle_id`, `tipo_domicilio_id`, `titular_id`, `usuario_creacion_id`, `usuario_edicion_id`) VALUES(379, '101', '2020-03-25 06:00:00.000000', NULL, 1, 5, 1, NULL, 1, NULL);
INSERT INTO `domicilios_domicilio` (`id`, `num_domicilio`, `fecha_creacion`, `fecha_edicion`, `estatus`, `calle_id`, `tipo_domicilio_id`, `titular_id`, `usuario_creacion_id`, `usuario_edicion_id`) VALUES(380, '103', '2020-03-25 06:00:00.000000', NULL, 1, 5, 1, NULL, 1, NULL);
INSERT INTO `domicilios_domicilio` (`id`, `num_domicilio`, `fecha_creacion`, `fecha_edicion`, `estatus`, `calle_id`, `tipo_domicilio_id`, `titular_id`, `usuario_creacion_id`, `usuario_edicion_id`) VALUES(381, '105', '2020-03-25 06:00:00.000000', NULL, 1, 5, 1, NULL, 1, NULL);
INSERT INTO `domicilios_domicilio` (`id`, `num_domicilio`, `fecha_creacion`, `fecha_edicion`, `estatus`, `calle_id`, `tipo_domicilio_id`, `titular_id`, `usuario_creacion_id`, `usuario_edicion_id`) VALUES(382, '107', '2020-03-25 06:00:00.000000', NULL, 1, 5, 1, NULL, 1, NULL);
INSERT INTO `domicilios_domicilio` (`id`, `num_domicilio`, `fecha_creacion`, `fecha_edicion`, `estatus`, `calle_id`, `tipo_domicilio_id`, `titular_id`, `usuario_creacion_id`, `usuario_edicion_id`) VALUES(383, '109', '2020-03-25 06:00:00.000000', NULL, 1, 5, 1, NULL, 1, NULL);
INSERT INTO `domicilios_domicilio` (`id`, `num_domicilio`, `fecha_creacion`, `fecha_edicion`, `estatus`, `calle_id`, `tipo_domicilio_id`, `titular_id`, `usuario_creacion_id`, `usuario_edicion_id`) VALUES(384, '111', '2020-03-25 06:00:00.000000', NULL, 1, 5, 2, NULL, 1, NULL);
INSERT INTO `domicilios_domicilio` (`id`, `num_domicilio`, `fecha_creacion`, `fecha_edicion`, `estatus`, `calle_id`, `tipo_domicilio_id`, `titular_id`, `usuario_creacion_id`, `usuario_edicion_id`) VALUES(385, '113', '2020-03-25 06:00:00.000000', NULL, 1, 5, 2, NULL, 1, NULL);
INSERT INTO `domicilios_domicilio` (`id`, `num_domicilio`, `fecha_creacion`, `fecha_edicion`, `estatus`, `calle_id`, `tipo_domicilio_id`, `titular_id`, `usuario_creacion_id`, `usuario_edicion_id`) VALUES(386, '115', '2020-03-25 06:00:00.000000', NULL, 1, 5, 1, NULL, 1, NULL);
INSERT INTO `domicilios_domicilio` (`id`, `num_domicilio`, `fecha_creacion`, `fecha_edicion`, `estatus`, `calle_id`, `tipo_domicilio_id`, `titular_id`, `usuario_creacion_id`, `usuario_edicion_id`) VALUES(387, '117', '2020-03-25 06:00:00.000000', NULL, 1, 5, 1, NULL, 1, NULL);
INSERT INTO `domicilios_domicilio` (`id`, `num_domicilio`, `fecha_creacion`, `fecha_edicion`, `estatus`, `calle_id`, `tipo_domicilio_id`, `titular_id`, `usuario_creacion_id`, `usuario_edicion_id`) VALUES(388, '119', '2020-03-25 06:00:00.000000', NULL, 1, 5, 1, NULL, 1, NULL);
INSERT INTO `domicilios_domicilio` (`id`, `num_domicilio`, `fecha_creacion`, `fecha_edicion`, `estatus`, `calle_id`, `tipo_domicilio_id`, `titular_id`, `usuario_creacion_id`, `usuario_edicion_id`) VALUES(389, '121', '2020-03-25 06:00:00.000000', NULL, 1, 5, 1, NULL, 1, NULL);
INSERT INTO `domicilios_domicilio` (`id`, `num_domicilio`, `fecha_creacion`, `fecha_edicion`, `estatus`, `calle_id`, `tipo_domicilio_id`, `titular_id`, `usuario_creacion_id`, `usuario_edicion_id`) VALUES(394, '131', '2020-03-25 06:00:00.000000', NULL, 1, 5, 1, NULL, 1, NULL);
INSERT INTO `domicilios_domicilio` (`id`, `num_domicilio`, `fecha_creacion`, `fecha_edicion`, `estatus`, `calle_id`, `tipo_domicilio_id`, `titular_id`, `usuario_creacion_id`, `usuario_edicion_id`) VALUES(396, '135', '2020-03-25 06:00:00.000000', NULL, 1, 5, 1, NULL, 1, NULL);
INSERT INTO `domicilios_domicilio` (`id`, `num_domicilio`, `fecha_creacion`, `fecha_edicion`, `estatus`, `calle_id`, `tipo_domicilio_id`, `titular_id`, `usuario_creacion_id`, `usuario_edicion_id`) VALUES(406, '101', '2020-03-25 06:00:00.000000', NULL, 1, 6, 1, NULL, 1, NULL);
INSERT INTO `domicilios_domicilio` (`id`, `num_domicilio`, `fecha_creacion`, `fecha_edicion`, `estatus`, `calle_id`, `tipo_domicilio_id`, `titular_id`, `usuario_creacion_id`, `usuario_edicion_id`) VALUES(407, '103', '2020-03-25 06:00:00.000000', NULL, 1, 6, 1, 274, 1, NULL);
INSERT INTO `domicilios_domicilio` (`id`, `num_domicilio`, `fecha_creacion`, `fecha_edicion`, `estatus`, `calle_id`, `tipo_domicilio_id`, `titular_id`, `usuario_creacion_id`, `usuario_edicion_id`) VALUES(408, '105', '2020-03-25 06:00:00.000000', NULL, 1, 6, 2, 278, 1, NULL);
INSERT INTO `domicilios_domicilio` (`id`, `num_domicilio`, `fecha_creacion`, `fecha_edicion`, `estatus`, `calle_id`, `tipo_domicilio_id`, `titular_id`, `usuario_creacion_id`, `usuario_edicion_id`) VALUES(409, '107', '2020-03-25 06:00:00.000000', NULL, 1, 6, 2, NULL, 1, NULL);
INSERT INTO `domicilios_domicilio` (`id`, `num_domicilio`, `fecha_creacion`, `fecha_edicion`, `estatus`, `calle_id`, `tipo_domicilio_id`, `titular_id`, `usuario_creacion_id`, `usuario_edicion_id`) VALUES(410, '109', '2020-03-25 06:00:00.000000', NULL, 1, 6, 1, NULL, 1, NULL);
INSERT INTO `domicilios_domicilio` (`id`, `num_domicilio`, `fecha_creacion`, `fecha_edicion`, `estatus`, `calle_id`, `tipo_domicilio_id`, `titular_id`, `usuario_creacion_id`, `usuario_edicion_id`) VALUES(411, '111', '2020-03-25 06:00:00.000000', NULL, 1, 6, 1, NULL, 1, NULL);
INSERT INTO `domicilios_domicilio` (`id`, `num_domicilio`, `fecha_creacion`, `fecha_edicion`, `estatus`, `calle_id`, `tipo_domicilio_id`, `titular_id`, `usuario_creacion_id`, `usuario_edicion_id`) VALUES(412, '113', '2020-03-25 06:00:00.000000', NULL, 1, 6, 1, NULL, 1, NULL);
INSERT INTO `domicilios_domicilio` (`id`, `num_domicilio`, `fecha_creacion`, `fecha_edicion`, `estatus`, `calle_id`, `tipo_domicilio_id`, `titular_id`, `usuario_creacion_id`, `usuario_edicion_id`) VALUES(413, '115', '2020-03-25 06:00:00.000000', NULL, 1, 6, 1, NULL, 1, NULL);
INSERT INTO `domicilios_domicilio` (`id`, `num_domicilio`, `fecha_creacion`, `fecha_edicion`, `estatus`, `calle_id`, `tipo_domicilio_id`, `titular_id`, `usuario_creacion_id`, `usuario_edicion_id`) VALUES(414, '117', '2020-03-25 06:00:00.000000', NULL, 1, 6, 2, NULL, 1, NULL);
INSERT INTO `domicilios_domicilio` (`id`, `num_domicilio`, `fecha_creacion`, `fecha_edicion`, `estatus`, `calle_id`, `tipo_domicilio_id`, `titular_id`, `usuario_creacion_id`, `usuario_edicion_id`) VALUES(416, '121', '2020-03-25 06:00:00.000000', NULL, 1, 6, 2, NULL, 1, NULL);
INSERT INTO `domicilios_domicilio` (`id`, `num_domicilio`, `fecha_creacion`, `fecha_edicion`, `estatus`, `calle_id`, `tipo_domicilio_id`, `titular_id`, `usuario_creacion_id`, `usuario_edicion_id`) VALUES(417, '123', '2020-03-25 06:00:00.000000', NULL, 1, 6, 1, NULL, 1, NULL);
INSERT INTO `domicilios_domicilio` (`id`, `num_domicilio`, `fecha_creacion`, `fecha_edicion`, `estatus`, `calle_id`, `tipo_domicilio_id`, `titular_id`, `usuario_creacion_id`, `usuario_edicion_id`) VALUES(418, '125', '2020-03-25 06:00:00.000000', NULL, 1, 6, 1, NULL, 1, NULL);
INSERT INTO `domicilios_domicilio` (`id`, `num_domicilio`, `fecha_creacion`, `fecha_edicion`, `estatus`, `calle_id`, `tipo_domicilio_id`, `titular_id`, `usuario_creacion_id`, `usuario_edicion_id`) VALUES(419, '127', '2020-03-25 06:00:00.000000', NULL, 1, 6, 2, NULL, 1, NULL);
INSERT INTO `domicilios_domicilio` (`id`, `num_domicilio`, `fecha_creacion`, `fecha_edicion`, `estatus`, `calle_id`, `tipo_domicilio_id`, `titular_id`, `usuario_creacion_id`, `usuario_edicion_id`) VALUES(420, '129', '2020-03-25 06:00:00.000000', NULL, 1, 6, 1, NULL, 1, NULL);
INSERT INTO `domicilios_domicilio` (`id`, `num_domicilio`, `fecha_creacion`, `fecha_edicion`, `estatus`, `calle_id`, `tipo_domicilio_id`, `titular_id`, `usuario_creacion_id`, `usuario_edicion_id`) VALUES(421, '131', '2020-03-25 06:00:00.000000', NULL, 1, 6, 2, NULL, 1, NULL);
INSERT INTO `domicilios_domicilio` (`id`, `num_domicilio`, `fecha_creacion`, `fecha_edicion`, `estatus`, `calle_id`, `tipo_domicilio_id`, `titular_id`, `usuario_creacion_id`, `usuario_edicion_id`) VALUES(422, '133', '2020-03-25 06:00:00.000000', NULL, 1, 6, 2, NULL, 1, NULL);
INSERT INTO `domicilios_domicilio` (`id`, `num_domicilio`, `fecha_creacion`, `fecha_edicion`, `estatus`, `calle_id`, `tipo_domicilio_id`, `titular_id`, `usuario_creacion_id`, `usuario_edicion_id`) VALUES(423, '135', '2020-03-25 06:00:00.000000', NULL, 1, 6, 1, NULL, 1, NULL);
INSERT INTO `domicilios_domicilio` (`id`, `num_domicilio`, `fecha_creacion`, `fecha_edicion`, `estatus`, `calle_id`, `tipo_domicilio_id`, `titular_id`, `usuario_creacion_id`, `usuario_edicion_id`) VALUES(424, '137', '2020-03-25 06:00:00.000000', NULL, 1, 6, 1, NULL, 1, NULL);
INSERT INTO `domicilios_domicilio` (`id`, `num_domicilio`, `fecha_creacion`, `fecha_edicion`, `estatus`, `calle_id`, `tipo_domicilio_id`, `titular_id`, `usuario_creacion_id`, `usuario_edicion_id`) VALUES(425, '139', '2020-03-25 06:00:00.000000', NULL, 1, 6, 1, NULL, 1, NULL);
INSERT INTO `domicilios_domicilio` (`id`, `num_domicilio`, `fecha_creacion`, `fecha_edicion`, `estatus`, `calle_id`, `tipo_domicilio_id`, `titular_id`, `usuario_creacion_id`, `usuario_edicion_id`) VALUES(427, '143', '2020-03-25 06:00:00.000000', NULL, 1, 6, 1, NULL, 1, NULL);
INSERT INTO `domicilios_domicilio` (`id`, `num_domicilio`, `fecha_creacion`, `fecha_edicion`, `estatus`, `calle_id`, `tipo_domicilio_id`, `titular_id`, `usuario_creacion_id`, `usuario_edicion_id`) VALUES(429, '145', '2020-03-25 06:00:00.000000', NULL, 1, 6, 1, NULL, 1, NULL);
INSERT INTO `domicilios_domicilio` (`id`, `num_domicilio`, `fecha_creacion`, `fecha_edicion`, `estatus`, `calle_id`, `tipo_domicilio_id`, `titular_id`, `usuario_creacion_id`, `usuario_edicion_id`) VALUES(430, '147', '2020-03-25 06:00:00.000000', NULL, 1, 6, 2, NULL, 1, NULL);
INSERT INTO `domicilios_domicilio` (`id`, `num_domicilio`, `fecha_creacion`, `fecha_edicion`, `estatus`, `calle_id`, `tipo_domicilio_id`, `titular_id`, `usuario_creacion_id`, `usuario_edicion_id`) VALUES(431, '149', '2020-03-25 06:00:00.000000', NULL, 1, 6, 2, NULL, 1, NULL);
INSERT INTO `domicilios_domicilio` (`id`, `num_domicilio`, `fecha_creacion`, `fecha_edicion`, `estatus`, `calle_id`, `tipo_domicilio_id`, `titular_id`, `usuario_creacion_id`, `usuario_edicion_id`) VALUES(432, '151', '2020-03-25 06:00:00.000000', NULL, 1, 6, 2, NULL, 1, NULL);
INSERT INTO `domicilios_domicilio` (`id`, `num_domicilio`, `fecha_creacion`, `fecha_edicion`, `estatus`, `calle_id`, `tipo_domicilio_id`, `titular_id`, `usuario_creacion_id`, `usuario_edicion_id`) VALUES(433, '202', '2020-03-25 06:00:00.000000', NULL, 1, 6, 2, NULL, 1, NULL);
INSERT INTO `domicilios_domicilio` (`id`, `num_domicilio`, `fecha_creacion`, `fecha_edicion`, `estatus`, `calle_id`, `tipo_domicilio_id`, `titular_id`, `usuario_creacion_id`, `usuario_edicion_id`) VALUES(434, '304', '2020-03-25 06:00:00.000000', NULL, 1, 6, 2, 275, 1, NULL);
INSERT INTO `domicilios_domicilio` (`id`, `num_domicilio`, `fecha_creacion`, `fecha_edicion`, `estatus`, `calle_id`, `tipo_domicilio_id`, `titular_id`, `usuario_creacion_id`, `usuario_edicion_id`) VALUES(436, '101', '2020-03-25 06:00:00.000000', NULL, 1, 1, 1, NULL, 1, NULL);
INSERT INTO `domicilios_domicilio` (`id`, `num_domicilio`, `fecha_creacion`, `fecha_edicion`, `estatus`, `calle_id`, `tipo_domicilio_id`, `titular_id`, `usuario_creacion_id`, `usuario_edicion_id`) VALUES(437, '102', '2020-03-25 06:00:00.000000', NULL, 1, 1, 1, NULL, 1, NULL);
INSERT INTO `domicilios_domicilio` (`id`, `num_domicilio`, `fecha_creacion`, `fecha_edicion`, `estatus`, `calle_id`, `tipo_domicilio_id`, `titular_id`, `usuario_creacion_id`, `usuario_edicion_id`) VALUES(438, '103', '2020-03-25 06:00:00.000000', NULL, 1, 1, 1, NULL, 1, NULL);
INSERT INTO `domicilios_domicilio` (`id`, `num_domicilio`, `fecha_creacion`, `fecha_edicion`, `estatus`, `calle_id`, `tipo_domicilio_id`, `titular_id`, `usuario_creacion_id`, `usuario_edicion_id`) VALUES(441, '106', '2020-03-25 06:00:00.000000', NULL, 1, 1, 1, NULL, 1, NULL);
INSERT INTO `domicilios_domicilio` (`id`, `num_domicilio`, `fecha_creacion`, `fecha_edicion`, `estatus`, `calle_id`, `tipo_domicilio_id`, `titular_id`, `usuario_creacion_id`, `usuario_edicion_id`) VALUES(443, '108', '2020-03-25 06:00:00.000000', NULL, 1, 1, 1, NULL, 1, NULL);
INSERT INTO `domicilios_domicilio` (`id`, `num_domicilio`, `fecha_creacion`, `fecha_edicion`, `estatus`, `calle_id`, `tipo_domicilio_id`, `titular_id`, `usuario_creacion_id`, `usuario_edicion_id`) VALUES(444, '109', '2020-03-25 06:00:00.000000', NULL, 1, 1, 1, NULL, 1, NULL);
INSERT INTO `domicilios_domicilio` (`id`, `num_domicilio`, `fecha_creacion`, `fecha_edicion`, `estatus`, `calle_id`, `tipo_domicilio_id`, `titular_id`, `usuario_creacion_id`, `usuario_edicion_id`) VALUES(446, '111', '2020-03-25 06:00:00.000000', NULL, 1, 1, 1, NULL, 1, NULL);
INSERT INTO `domicilios_domicilio` (`id`, `num_domicilio`, `fecha_creacion`, `fecha_edicion`, `estatus`, `calle_id`, `tipo_domicilio_id`, `titular_id`, `usuario_creacion_id`, `usuario_edicion_id`) VALUES(447, '112', '2020-03-25 06:00:00.000000', NULL, 1, 1, 1, NULL, 1, NULL);
INSERT INTO `domicilios_domicilio` (`id`, `num_domicilio`, `fecha_creacion`, `fecha_edicion`, `estatus`, `calle_id`, `tipo_domicilio_id`, `titular_id`, `usuario_creacion_id`, `usuario_edicion_id`) VALUES(449, '114', '2020-03-25 06:00:00.000000', NULL, 1, 1, 1, NULL, 1, NULL);
INSERT INTO `domicilios_domicilio` (`id`, `num_domicilio`, `fecha_creacion`, `fecha_edicion`, `estatus`, `calle_id`, `tipo_domicilio_id`, `titular_id`, `usuario_creacion_id`, `usuario_edicion_id`) VALUES(450, '115', '2020-03-25 06:00:00.000000', NULL, 1, 1, 1, NULL, 1, NULL);
INSERT INTO `domicilios_domicilio` (`id`, `num_domicilio`, `fecha_creacion`, `fecha_edicion`, `estatus`, `calle_id`, `tipo_domicilio_id`, `titular_id`, `usuario_creacion_id`, `usuario_edicion_id`) VALUES(451, '116', '2020-03-25 06:00:00.000000', NULL, 1, 1, 1, NULL, 1, NULL);
INSERT INTO `domicilios_domicilio` (`id`, `num_domicilio`, `fecha_creacion`, `fecha_edicion`, `estatus`, `calle_id`, `tipo_domicilio_id`, `titular_id`, `usuario_creacion_id`, `usuario_edicion_id`) VALUES(454, '119', '2020-03-25 06:00:00.000000', NULL, 1, 1, 1, NULL, 1, NULL);
INSERT INTO `domicilios_domicilio` (`id`, `num_domicilio`, `fecha_creacion`, `fecha_edicion`, `estatus`, `calle_id`, `tipo_domicilio_id`, `titular_id`, `usuario_creacion_id`, `usuario_edicion_id`) VALUES(457, '123', '2020-03-25 06:00:00.000000', NULL, 1, 1, 1, NULL, 1, NULL);
INSERT INTO `domicilios_domicilio` (`id`, `num_domicilio`, `fecha_creacion`, `fecha_edicion`, `estatus`, `calle_id`, `tipo_domicilio_id`, `titular_id`, `usuario_creacion_id`, `usuario_edicion_id`) VALUES(460, '129', '2020-03-25 06:00:00.000000', NULL, 1, 1, 1, NULL, 1, NULL);
INSERT INTO `domicilios_domicilio` (`id`, `num_domicilio`, `fecha_creacion`, `fecha_edicion`, `estatus`, `calle_id`, `tipo_domicilio_id`, `titular_id`, `usuario_creacion_id`, `usuario_edicion_id`) VALUES(461, '101', '2020-03-25 06:00:00.000000', NULL, 1, 3, 1, NULL, 1, NULL);
INSERT INTO `domicilios_domicilio` (`id`, `num_domicilio`, `fecha_creacion`, `fecha_edicion`, `estatus`, `calle_id`, `tipo_domicilio_id`, `titular_id`, `usuario_creacion_id`, `usuario_edicion_id`) VALUES(462, '102', '2020-03-25 06:00:00.000000', NULL, 1, 3, 1, NULL, 1, NULL);
INSERT INTO `domicilios_domicilio` (`id`, `num_domicilio`, `fecha_creacion`, `fecha_edicion`, `estatus`, `calle_id`, `tipo_domicilio_id`, `titular_id`, `usuario_creacion_id`, `usuario_edicion_id`) VALUES(463, '103', '2020-03-25 06:00:00.000000', NULL, 1, 3, 1, NULL, 1, NULL);
INSERT INTO `domicilios_domicilio` (`id`, `num_domicilio`, `fecha_creacion`, `fecha_edicion`, `estatus`, `calle_id`, `tipo_domicilio_id`, `titular_id`, `usuario_creacion_id`, `usuario_edicion_id`) VALUES(464, '104', '2020-03-25 06:00:00.000000', NULL, 1, 3, 1, NULL, 1, NULL);
INSERT INTO `domicilios_domicilio` (`id`, `num_domicilio`, `fecha_creacion`, `fecha_edicion`, `estatus`, `calle_id`, `tipo_domicilio_id`, `titular_id`, `usuario_creacion_id`, `usuario_edicion_id`) VALUES(470, '110', '2020-03-25 06:00:00.000000', NULL, 1, 3, 1, NULL, 1, NULL);
INSERT INTO `domicilios_domicilio` (`id`, `num_domicilio`, `fecha_creacion`, `fecha_edicion`, `estatus`, `calle_id`, `tipo_domicilio_id`, `titular_id`, `usuario_creacion_id`, `usuario_edicion_id`) VALUES(474, '114', '2020-03-25 06:00:00.000000', NULL, 1, 3, 1, NULL, 1, NULL);
INSERT INTO `domicilios_domicilio` (`id`, `num_domicilio`, `fecha_creacion`, `fecha_edicion`, `estatus`, `calle_id`, `tipo_domicilio_id`, `titular_id`, `usuario_creacion_id`, `usuario_edicion_id`) VALUES(477, '117', '2020-03-25 06:00:00.000000', NULL, 1, 3, 1, NULL, 1, NULL);
INSERT INTO `domicilios_domicilio` (`id`, `num_domicilio`, `fecha_creacion`, `fecha_edicion`, `estatus`, `calle_id`, `tipo_domicilio_id`, `titular_id`, `usuario_creacion_id`, `usuario_edicion_id`) VALUES(479, '119', '2020-03-25 06:00:00.000000', NULL, 1, 3, 1, NULL, 1, NULL);
INSERT INTO `domicilios_domicilio` (`id`, `num_domicilio`, `fecha_creacion`, `fecha_edicion`, `estatus`, `calle_id`, `tipo_domicilio_id`, `titular_id`, `usuario_creacion_id`, `usuario_edicion_id`) VALUES(483, '123', '2020-03-25 06:00:00.000000', NULL, 1, 3, 1, NULL, 1, NULL);
INSERT INTO `domicilios_domicilio` (`id`, `num_domicilio`, `fecha_creacion`, `fecha_edicion`, `estatus`, `calle_id`, `tipo_domicilio_id`, `titular_id`, `usuario_creacion_id`, `usuario_edicion_id`) VALUES(485, '124', '2020-03-25 06:00:00.000000', NULL, 1, 3, 2, 215, 1, NULL);
INSERT INTO `domicilios_domicilio` (`id`, `num_domicilio`, `fecha_creacion`, `fecha_edicion`, `estatus`, `calle_id`, `tipo_domicilio_id`, `titular_id`, `usuario_creacion_id`, `usuario_edicion_id`) VALUES(488, '126', '2020-03-25 06:00:00.000000', NULL, 1, 3, 2, 218, 1, NULL);
INSERT INTO `domicilios_domicilio` (`id`, `num_domicilio`, `fecha_creacion`, `fecha_edicion`, `estatus`, `calle_id`, `tipo_domicilio_id`, `titular_id`, `usuario_creacion_id`, `usuario_edicion_id`) VALUES(490, '128', '2020-03-25 06:00:00.000000', NULL, 1, 3, 1, NULL, 1, NULL);
INSERT INTO `domicilios_domicilio` (`id`, `num_domicilio`, `fecha_creacion`, `fecha_edicion`, `estatus`, `calle_id`, `tipo_domicilio_id`, `titular_id`, `usuario_creacion_id`, `usuario_edicion_id`) VALUES(492, '130', '2020-03-25 06:00:00.000000', NULL, 1, 3, 1, NULL, 1, NULL);
INSERT INTO `domicilios_domicilio` (`id`, `num_domicilio`, `fecha_creacion`, `fecha_edicion`, `estatus`, `calle_id`, `tipo_domicilio_id`, `titular_id`, `usuario_creacion_id`, `usuario_edicion_id`) VALUES(493, '131', '2020-03-25 06:00:00.000000', NULL, 1, 3, 1, NULL, 1, NULL);
INSERT INTO `domicilios_domicilio` (`id`, `num_domicilio`, `fecha_creacion`, `fecha_edicion`, `estatus`, `calle_id`, `tipo_domicilio_id`, `titular_id`, `usuario_creacion_id`, `usuario_edicion_id`) VALUES(495, '133', '2020-03-25 06:00:00.000000', NULL, 1, 3, 1, NULL, 1, NULL);
INSERT INTO `domicilios_domicilio` (`id`, `num_domicilio`, `fecha_creacion`, `fecha_edicion`, `estatus`, `calle_id`, `tipo_domicilio_id`, `titular_id`, `usuario_creacion_id`, `usuario_edicion_id`) VALUES(496, '134', '2020-03-25 06:00:00.000000', NULL, 1, 3, 1, NULL, 1, NULL);
INSERT INTO `domicilios_domicilio` (`id`, `num_domicilio`, `fecha_creacion`, `fecha_edicion`, `estatus`, `calle_id`, `tipo_domicilio_id`, `titular_id`, `usuario_creacion_id`, `usuario_edicion_id`) VALUES(499, '137', '2020-03-25 06:00:00.000000', NULL, 1, 3, 1, NULL, 1, NULL);
INSERT INTO `domicilios_domicilio` (`id`, `num_domicilio`, `fecha_creacion`, `fecha_edicion`, `estatus`, `calle_id`, `tipo_domicilio_id`, `titular_id`, `usuario_creacion_id`, `usuario_edicion_id`) VALUES(500, '138', '2020-03-25 06:00:00.000000', NULL, 1, 3, 1, NULL, 1, NULL);
INSERT INTO `domicilios_domicilio` (`id`, `num_domicilio`, `fecha_creacion`, `fecha_edicion`, `estatus`, `calle_id`, `tipo_domicilio_id`, `titular_id`, `usuario_creacion_id`, `usuario_edicion_id`) VALUES(501, '139', '2020-03-25 06:00:00.000000', NULL, 1, 3, 1, NULL, 1, NULL);
INSERT INTO `domicilios_domicilio` (`id`, `num_domicilio`, `fecha_creacion`, `fecha_edicion`, `estatus`, `calle_id`, `tipo_domicilio_id`, `titular_id`, `usuario_creacion_id`, `usuario_edicion_id`) VALUES(502, '140', '2020-03-25 06:00:00.000000', NULL, 1, 3, 1, NULL, 1, NULL);
INSERT INTO `domicilios_domicilio` (`id`, `num_domicilio`, `fecha_creacion`, `fecha_edicion`, `estatus`, `calle_id`, `tipo_domicilio_id`, `titular_id`, `usuario_creacion_id`, `usuario_edicion_id`) VALUES(504, '142', '2020-03-25 06:00:00.000000', NULL, 1, 3, 1, NULL, 1, NULL);
INSERT INTO `domicilios_domicilio` (`id`, `num_domicilio`, `fecha_creacion`, `fecha_edicion`, `estatus`, `calle_id`, `tipo_domicilio_id`, `titular_id`, `usuario_creacion_id`, `usuario_edicion_id`) VALUES(505, '143', '2020-03-25 06:00:00.000000', NULL, 1, 3, 1, NULL, 1, NULL);
INSERT INTO `domicilios_domicilio` (`id`, `num_domicilio`, `fecha_creacion`, `fecha_edicion`, `estatus`, `calle_id`, `tipo_domicilio_id`, `titular_id`, `usuario_creacion_id`, `usuario_edicion_id`) VALUES(506, '144', '2020-03-25 06:00:00.000000', NULL, 1, 3, 1, NULL, 1, NULL);
INSERT INTO `domicilios_domicilio` (`id`, `num_domicilio`, `fecha_creacion`, `fecha_edicion`, `estatus`, `calle_id`, `tipo_domicilio_id`, `titular_id`, `usuario_creacion_id`, `usuario_edicion_id`) VALUES(512, '123', '2020-03-25 06:00:00.000000', NULL, 1, 5, 2, 146, 1, NULL);
INSERT INTO `domicilios_domicilio` (`id`, `num_domicilio`, `fecha_creacion`, `fecha_edicion`, `estatus`, `calle_id`, `tipo_domicilio_id`, `titular_id`, `usuario_creacion_id`, `usuario_edicion_id`) VALUES(513, '125', '2020-03-25 06:00:00.000000', NULL, 1, 5, 2, 147, 1, NULL);
INSERT INTO `domicilios_domicilio` (`id`, `num_domicilio`, `fecha_creacion`, `fecha_edicion`, `estatus`, `calle_id`, `tipo_domicilio_id`, `titular_id`, `usuario_creacion_id`, `usuario_edicion_id`) VALUES(514, '127', '2020-03-25 06:00:00.000000', NULL, 1, 5, 2, 150, 1, NULL);
INSERT INTO `domicilios_domicilio` (`id`, `num_domicilio`, `fecha_creacion`, `fecha_edicion`, `estatus`, `calle_id`, `tipo_domicilio_id`, `titular_id`, `usuario_creacion_id`, `usuario_edicion_id`) VALUES(515, '129', '2020-03-25 06:00:00.000000', NULL, 1, 5, 2, 151, 1, NULL);
INSERT INTO `domicilios_domicilio` (`id`, `num_domicilio`, `fecha_creacion`, `fecha_edicion`, `estatus`, `calle_id`, `tipo_domicilio_id`, `titular_id`, `usuario_creacion_id`, `usuario_edicion_id`) VALUES(516, '133', '2020-03-25 06:00:00.000000', NULL, 1, 5, 2, 153, 1, NULL);
INSERT INTO `domicilios_domicilio` (`id`, `num_domicilio`, `fecha_creacion`, `fecha_edicion`, `estatus`, `calle_id`, `tipo_domicilio_id`, `titular_id`, `usuario_creacion_id`, `usuario_edicion_id`) VALUES(517, '151', '2020-03-25 06:00:00.000000', NULL, 1, 5, 2, 154, 1, NULL);
INSERT INTO `domicilios_domicilio` (`id`, `num_domicilio`, `fecha_creacion`, `fecha_edicion`, `estatus`, `calle_id`, `tipo_domicilio_id`, `titular_id`, `usuario_creacion_id`, `usuario_edicion_id`) VALUES(518, '153', '2020-03-25 06:00:00.000000', NULL, 1, 5, 2, 155, 1, NULL);
INSERT INTO `domicilios_domicilio` (`id`, `num_domicilio`, `fecha_creacion`, `fecha_edicion`, `estatus`, `calle_id`, `tipo_domicilio_id`, `titular_id`, `usuario_creacion_id`, `usuario_edicion_id`) VALUES(519, '103', '2020-03-25 06:00:00.000000', NULL, 1, 2, 2, 156, 1, NULL);
INSERT INTO `domicilios_domicilio` (`id`, `num_domicilio`, `fecha_creacion`, `fecha_edicion`, `estatus`, `calle_id`, `tipo_domicilio_id`, `titular_id`, `usuario_creacion_id`, `usuario_edicion_id`) VALUES(520, '104', '2020-03-25 06:00:00.000000', NULL, 1, 2, 2, 158, 1, NULL);
INSERT INTO `domicilios_domicilio` (`id`, `num_domicilio`, `fecha_creacion`, `fecha_edicion`, `estatus`, `calle_id`, `tipo_domicilio_id`, `titular_id`, `usuario_creacion_id`, `usuario_edicion_id`) VALUES(521, '105', '2020-03-25 06:00:00.000000', NULL, 1, 2, 2, 159, 1, NULL);
INSERT INTO `domicilios_domicilio` (`id`, `num_domicilio`, `fecha_creacion`, `fecha_edicion`, `estatus`, `calle_id`, `tipo_domicilio_id`, `titular_id`, `usuario_creacion_id`, `usuario_edicion_id`) VALUES(522, '106', '2020-03-25 06:00:00.000000', NULL, 1, 2, 2, 160, 1, NULL);
INSERT INTO `domicilios_domicilio` (`id`, `num_domicilio`, `fecha_creacion`, `fecha_edicion`, `estatus`, `calle_id`, `tipo_domicilio_id`, `titular_id`, `usuario_creacion_id`, `usuario_edicion_id`) VALUES(523, '107', '2020-03-25 06:00:00.000000', NULL, 1, 2, 2, 161, 1, NULL);
INSERT INTO `domicilios_domicilio` (`id`, `num_domicilio`, `fecha_creacion`, `fecha_edicion`, `estatus`, `calle_id`, `tipo_domicilio_id`, `titular_id`, `usuario_creacion_id`, `usuario_edicion_id`) VALUES(524, '117', '2020-03-25 06:00:00.000000', NULL, 1, 2, 2, 163, 1, NULL);
INSERT INTO `domicilios_domicilio` (`id`, `num_domicilio`, `fecha_creacion`, `fecha_edicion`, `estatus`, `calle_id`, `tipo_domicilio_id`, `titular_id`, `usuario_creacion_id`, `usuario_edicion_id`) VALUES(525, '122', '2020-03-25 06:00:00.000000', NULL, 1, 2, 2, 164, 1, NULL);
INSERT INTO `domicilios_domicilio` (`id`, `num_domicilio`, `fecha_creacion`, `fecha_edicion`, `estatus`, `calle_id`, `tipo_domicilio_id`, `titular_id`, `usuario_creacion_id`, `usuario_edicion_id`) VALUES(526, '126', '2020-03-25 06:00:00.000000', NULL, 1, 2, 2, 166, 1, NULL);
INSERT INTO `domicilios_domicilio` (`id`, `num_domicilio`, `fecha_creacion`, `fecha_edicion`, `estatus`, `calle_id`, `tipo_domicilio_id`, `titular_id`, `usuario_creacion_id`, `usuario_edicion_id`) VALUES(527, '128', '2020-03-25 06:00:00.000000', NULL, 1, 2, 2, 167, 1, NULL);
INSERT INTO `domicilios_domicilio` (`id`, `num_domicilio`, `fecha_creacion`, `fecha_edicion`, `estatus`, `calle_id`, `tipo_domicilio_id`, `titular_id`, `usuario_creacion_id`, `usuario_edicion_id`) VALUES(528, '140', '2020-03-25 06:00:00.000000', NULL, 1, 2, 2, 168, 1, NULL);
INSERT INTO `domicilios_domicilio` (`id`, `num_domicilio`, `fecha_creacion`, `fecha_edicion`, `estatus`, `calle_id`, `tipo_domicilio_id`, `titular_id`, `usuario_creacion_id`, `usuario_edicion_id`) VALUES(529, '116', '2020-03-25 06:00:00.000000', NULL, 1, 4, 2, 170, 1, NULL);
INSERT INTO `domicilios_domicilio` (`id`, `num_domicilio`, `fecha_creacion`, `fecha_edicion`, `estatus`, `calle_id`, `tipo_domicilio_id`, `titular_id`, `usuario_creacion_id`, `usuario_edicion_id`) VALUES(530, '119', '2020-03-25 06:00:00.000000', NULL, 1, 4, 2, 171, 1, NULL);
INSERT INTO `domicilios_domicilio` (`id`, `num_domicilio`, `fecha_creacion`, `fecha_edicion`, `estatus`, `calle_id`, `tipo_domicilio_id`, `titular_id`, `usuario_creacion_id`, `usuario_edicion_id`) VALUES(531, '123', '2020-03-25 06:00:00.000000', NULL, 1, 4, 2, 172, 1, NULL);
INSERT INTO `domicilios_domicilio` (`id`, `num_domicilio`, `fecha_creacion`, `fecha_edicion`, `estatus`, `calle_id`, `tipo_domicilio_id`, `titular_id`, `usuario_creacion_id`, `usuario_edicion_id`) VALUES(532, '125', '2020-03-25 06:00:00.000000', NULL, 1, 4, 2, 173, 1, NULL);
INSERT INTO `domicilios_domicilio` (`id`, `num_domicilio`, `fecha_creacion`, `fecha_edicion`, `estatus`, `calle_id`, `tipo_domicilio_id`, `titular_id`, `usuario_creacion_id`, `usuario_edicion_id`) VALUES(533, '131', '2020-03-25 06:00:00.000000', NULL, 1, 4, 2, 174, 1, NULL);
INSERT INTO `domicilios_domicilio` (`id`, `num_domicilio`, `fecha_creacion`, `fecha_edicion`, `estatus`, `calle_id`, `tipo_domicilio_id`, `titular_id`, `usuario_creacion_id`, `usuario_edicion_id`) VALUES(534, '133', '2020-03-25 06:00:00.000000', NULL, 1, 4, 2, 175, 1, NULL);
INSERT INTO `domicilios_domicilio` (`id`, `num_domicilio`, `fecha_creacion`, `fecha_edicion`, `estatus`, `calle_id`, `tipo_domicilio_id`, `titular_id`, `usuario_creacion_id`, `usuario_edicion_id`) VALUES(535, '134', '2020-03-25 06:00:00.000000', NULL, 1, 4, 2, 177, 1, NULL);
INSERT INTO `domicilios_domicilio` (`id`, `num_domicilio`, `fecha_creacion`, `fecha_edicion`, `estatus`, `calle_id`, `tipo_domicilio_id`, `titular_id`, `usuario_creacion_id`, `usuario_edicion_id`) VALUES(536, '140', '2020-03-25 06:00:00.000000', NULL, 1, 4, 2, 178, 1, NULL);
INSERT INTO `domicilios_domicilio` (`id`, `num_domicilio`, `fecha_creacion`, `fecha_edicion`, `estatus`, `calle_id`, `tipo_domicilio_id`, `titular_id`, `usuario_creacion_id`, `usuario_edicion_id`) VALUES(537, '141', '2020-03-25 06:00:00.000000', NULL, 1, 4, 2, 179, 1, NULL);
INSERT INTO `domicilios_domicilio` (`id`, `num_domicilio`, `fecha_creacion`, `fecha_edicion`, `estatus`, `calle_id`, `tipo_domicilio_id`, `titular_id`, `usuario_creacion_id`, `usuario_edicion_id`) VALUES(538, '143', '2020-03-25 06:00:00.000000', NULL, 1, 4, 2, 180, 1, NULL);
INSERT INTO `domicilios_domicilio` (`id`, `num_domicilio`, `fecha_creacion`, `fecha_edicion`, `estatus`, `calle_id`, `tipo_domicilio_id`, `titular_id`, `usuario_creacion_id`, `usuario_edicion_id`) VALUES(539, '144', '2020-03-25 06:00:00.000000', NULL, 1, 4, 2, 181, 1, NULL);
INSERT INTO `domicilios_domicilio` (`id`, `num_domicilio`, `fecha_creacion`, `fecha_edicion`, `estatus`, `calle_id`, `tipo_domicilio_id`, `titular_id`, `usuario_creacion_id`, `usuario_edicion_id`) VALUES(540, '145', '2020-03-25 06:00:00.000000', NULL, 1, 4, 2, 183, 1, NULL);
INSERT INTO `domicilios_domicilio` (`id`, `num_domicilio`, `fecha_creacion`, `fecha_edicion`, `estatus`, `calle_id`, `tipo_domicilio_id`, `titular_id`, `usuario_creacion_id`, `usuario_edicion_id`) VALUES(541, 'SN', '2020-03-25 06:00:00.000000', NULL, 1, 4, 2, 184, 1, NULL);
INSERT INTO `domicilios_domicilio` (`id`, `num_domicilio`, `fecha_creacion`, `fecha_edicion`, `estatus`, `calle_id`, `tipo_domicilio_id`, `titular_id`, `usuario_creacion_id`, `usuario_edicion_id`) VALUES(542, '105', '2020-03-25 06:00:00.000000', NULL, 1, 1, 2, 185, 1, NULL);
INSERT INTO `domicilios_domicilio` (`id`, `num_domicilio`, `fecha_creacion`, `fecha_edicion`, `estatus`, `calle_id`, `tipo_domicilio_id`, `titular_id`, `usuario_creacion_id`, `usuario_edicion_id`) VALUES(543, '107', '2020-03-25 06:00:00.000000', NULL, 1, 1, 2, 186, 1, NULL);
INSERT INTO `domicilios_domicilio` (`id`, `num_domicilio`, `fecha_creacion`, `fecha_edicion`, `estatus`, `calle_id`, `tipo_domicilio_id`, `titular_id`, `usuario_creacion_id`, `usuario_edicion_id`) VALUES(544, '110', '2020-03-25 06:00:00.000000', NULL, 1, 1, 2, 187, 1, NULL);
INSERT INTO `domicilios_domicilio` (`id`, `num_domicilio`, `fecha_creacion`, `fecha_edicion`, `estatus`, `calle_id`, `tipo_domicilio_id`, `titular_id`, `usuario_creacion_id`, `usuario_edicion_id`) VALUES(545, '113', '2020-03-25 06:00:00.000000', NULL, 1, 1, 2, 189, 1, NULL);
INSERT INTO `domicilios_domicilio` (`id`, `num_domicilio`, `fecha_creacion`, `fecha_edicion`, `estatus`, `calle_id`, `tipo_domicilio_id`, `titular_id`, `usuario_creacion_id`, `usuario_edicion_id`) VALUES(546, '117', '2020-03-25 06:00:00.000000', NULL, 1, 1, 2, 190, 1, NULL);
INSERT INTO `domicilios_domicilio` (`id`, `num_domicilio`, `fecha_creacion`, `fecha_edicion`, `estatus`, `calle_id`, `tipo_domicilio_id`, `titular_id`, `usuario_creacion_id`, `usuario_edicion_id`) VALUES(547, '118', '2020-03-25 06:00:00.000000', NULL, 1, 1, 2, 192, 1, NULL);
INSERT INTO `domicilios_domicilio` (`id`, `num_domicilio`, `fecha_creacion`, `fecha_edicion`, `estatus`, `calle_id`, `tipo_domicilio_id`, `titular_id`, `usuario_creacion_id`, `usuario_edicion_id`) VALUES(548, '120', '2020-03-25 06:00:00.000000', NULL, 1, 1, 2, 193, 1, NULL);
INSERT INTO `domicilios_domicilio` (`id`, `num_domicilio`, `fecha_creacion`, `fecha_edicion`, `estatus`, `calle_id`, `tipo_domicilio_id`, `titular_id`, `usuario_creacion_id`, `usuario_edicion_id`) VALUES(549, '121', '2020-03-25 06:00:00.000000', NULL, 1, 1, 2, 196, 1, NULL);
INSERT INTO `domicilios_domicilio` (`id`, `num_domicilio`, `fecha_creacion`, `fecha_edicion`, `estatus`, `calle_id`, `tipo_domicilio_id`, `titular_id`, `usuario_creacion_id`, `usuario_edicion_id`) VALUES(550, '125', '2020-03-25 06:00:00.000000', NULL, 1, 1, 2, 197, 1, NULL);
INSERT INTO `domicilios_domicilio` (`id`, `num_domicilio`, `fecha_creacion`, `fecha_edicion`, `estatus`, `calle_id`, `tipo_domicilio_id`, `titular_id`, `usuario_creacion_id`, `usuario_edicion_id`) VALUES(551, '105', '2020-03-25 06:00:00.000000', NULL, 1, 3, 2, 198, 1, NULL);
INSERT INTO `domicilios_domicilio` (`id`, `num_domicilio`, `fecha_creacion`, `fecha_edicion`, `estatus`, `calle_id`, `tipo_domicilio_id`, `titular_id`, `usuario_creacion_id`, `usuario_edicion_id`) VALUES(552, '106', '2020-03-25 06:00:00.000000', NULL, 1, 3, 2, 199, 1, NULL);
INSERT INTO `domicilios_domicilio` (`id`, `num_domicilio`, `fecha_creacion`, `fecha_edicion`, `estatus`, `calle_id`, `tipo_domicilio_id`, `titular_id`, `usuario_creacion_id`, `usuario_edicion_id`) VALUES(553, '107', '2020-03-25 06:00:00.000000', NULL, 1, 3, 2, 251, 1, NULL);
INSERT INTO `domicilios_domicilio` (`id`, `num_domicilio`, `fecha_creacion`, `fecha_edicion`, `estatus`, `calle_id`, `tipo_domicilio_id`, `titular_id`, `usuario_creacion_id`, `usuario_edicion_id`) VALUES(554, '108', '2020-03-25 06:00:00.000000', NULL, 1, 3, 2, 202, 1, NULL);
INSERT INTO `domicilios_domicilio` (`id`, `num_domicilio`, `fecha_creacion`, `fecha_edicion`, `estatus`, `calle_id`, `tipo_domicilio_id`, `titular_id`, `usuario_creacion_id`, `usuario_edicion_id`) VALUES(555, '109', '2020-03-25 06:00:00.000000', NULL, 1, 3, 2, 204, 1, NULL);
INSERT INTO `domicilios_domicilio` (`id`, `num_domicilio`, `fecha_creacion`, `fecha_edicion`, `estatus`, `calle_id`, `tipo_domicilio_id`, `titular_id`, `usuario_creacion_id`, `usuario_edicion_id`) VALUES(556, '111', '2020-03-25 06:00:00.000000', NULL, 1, 3, 2, 205, 1, NULL);
INSERT INTO `domicilios_domicilio` (`id`, `num_domicilio`, `fecha_creacion`, `fecha_edicion`, `estatus`, `calle_id`, `tipo_domicilio_id`, `titular_id`, `usuario_creacion_id`, `usuario_edicion_id`) VALUES(557, '113', '2020-03-25 06:00:00.000000', NULL, 1, 3, 2, 208, 1, NULL);
INSERT INTO `domicilios_domicilio` (`id`, `num_domicilio`, `fecha_creacion`, `fecha_edicion`, `estatus`, `calle_id`, `tipo_domicilio_id`, `titular_id`, `usuario_creacion_id`, `usuario_edicion_id`) VALUES(558, '115', '2020-03-25 06:00:00.000000', NULL, 1, 3, 2, 209, 1, NULL);
INSERT INTO `domicilios_domicilio` (`id`, `num_domicilio`, `fecha_creacion`, `fecha_edicion`, `estatus`, `calle_id`, `tipo_domicilio_id`, `titular_id`, `usuario_creacion_id`, `usuario_edicion_id`) VALUES(559, '116', '2020-03-25 06:00:00.000000', NULL, 1, 3, 2, 210, 1, NULL);
INSERT INTO `domicilios_domicilio` (`id`, `num_domicilio`, `fecha_creacion`, `fecha_edicion`, `estatus`, `calle_id`, `tipo_domicilio_id`, `titular_id`, `usuario_creacion_id`, `usuario_edicion_id`) VALUES(560, '121', '2020-03-25 06:00:00.000000', NULL, 1, 3, 2, 211, 1, NULL);
INSERT INTO `domicilios_domicilio` (`id`, `num_domicilio`, `fecha_creacion`, `fecha_edicion`, `estatus`, `calle_id`, `tipo_domicilio_id`, `titular_id`, `usuario_creacion_id`, `usuario_edicion_id`) VALUES(561, '122', '2020-03-25 06:00:00.000000', NULL, 1, 3, 2, 212, 1, NULL);
INSERT INTO `domicilios_domicilio` (`id`, `num_domicilio`, `fecha_creacion`, `fecha_edicion`, `estatus`, `calle_id`, `tipo_domicilio_id`, `titular_id`, `usuario_creacion_id`, `usuario_edicion_id`) VALUES(562, '125', '2020-03-25 06:00:00.000000', NULL, 1, 3, 2, 216, 1, NULL);
INSERT INTO `domicilios_domicilio` (`id`, `num_domicilio`, `fecha_creacion`, `fecha_edicion`, `estatus`, `calle_id`, `tipo_domicilio_id`, `titular_id`, `usuario_creacion_id`, `usuario_edicion_id`) VALUES(563, '127', '2020-03-25 06:00:00.000000', NULL, 1, 3, 2, 219, 1, NULL);
INSERT INTO `domicilios_domicilio` (`id`, `num_domicilio`, `fecha_creacion`, `fecha_edicion`, `estatus`, `calle_id`, `tipo_domicilio_id`, `titular_id`, `usuario_creacion_id`, `usuario_edicion_id`) VALUES(564, '129', '2020-03-25 06:00:00.000000', NULL, 1, 3, 2, 220, 1, NULL);
INSERT INTO `domicilios_domicilio` (`id`, `num_domicilio`, `fecha_creacion`, `fecha_edicion`, `estatus`, `calle_id`, `tipo_domicilio_id`, `titular_id`, `usuario_creacion_id`, `usuario_edicion_id`) VALUES(565, '132', '2020-03-25 06:00:00.000000', NULL, 1, 3, 2, 222, 1, NULL);
INSERT INTO `domicilios_domicilio` (`id`, `num_domicilio`, `fecha_creacion`, `fecha_edicion`, `estatus`, `calle_id`, `tipo_domicilio_id`, `titular_id`, `usuario_creacion_id`, `usuario_edicion_id`) VALUES(566, '135', '2020-03-25 06:00:00.000000', NULL, 1, 3, 2, 223, 1, NULL);
INSERT INTO `domicilios_domicilio` (`id`, `num_domicilio`, `fecha_creacion`, `fecha_edicion`, `estatus`, `calle_id`, `tipo_domicilio_id`, `titular_id`, `usuario_creacion_id`, `usuario_edicion_id`) VALUES(567, '136', '2020-03-25 06:00:00.000000', NULL, 1, 3, 2, 225, 1, NULL);
INSERT INTO `domicilios_domicilio` (`id`, `num_domicilio`, `fecha_creacion`, `fecha_edicion`, `estatus`, `calle_id`, `tipo_domicilio_id`, `titular_id`, `usuario_creacion_id`, `usuario_edicion_id`) VALUES(568, '141', '2020-03-25 06:00:00.000000', NULL, 1, 3, 2, 226, 1, NULL);
INSERT INTO `domicilios_domicilio` (`id`, `num_domicilio`, `fecha_creacion`, `fecha_edicion`, `estatus`, `calle_id`, `tipo_domicilio_id`, `titular_id`, `usuario_creacion_id`, `usuario_edicion_id`) VALUES(569, '127', '2020-03-25 06:00:00.000000', NULL, 1, 4, 2, 228, 1, NULL);
INSERT INTO `domicilios_domicilio` (`id`, `num_domicilio`, `fecha_creacion`, `fecha_edicion`, `estatus`, `calle_id`, `tipo_domicilio_id`, `titular_id`, `usuario_creacion_id`, `usuario_edicion_id`) VALUES(570, '127', '2020-03-25 06:00:00.000000', NULL, 1, 1, 2, 229, 1, NULL);
INSERT INTO `domicilios_domicilio` (`id`, `num_domicilio`, `fecha_creacion`, `fecha_edicion`, `estatus`, `calle_id`, `tipo_domicilio_id`, `titular_id`, `usuario_creacion_id`, `usuario_edicion_id`) VALUES(571, '119', '2020-03-25 06:00:00.000000', NULL, 1, 6, 2, 230, 1, NULL);
INSERT INTO `domicilios_domicilio` (`id`, `num_domicilio`, `fecha_creacion`, `fecha_edicion`, `estatus`, `calle_id`, `tipo_domicilio_id`, `titular_id`, `usuario_creacion_id`, `usuario_edicion_id`) VALUES(572, 'SN', '2020-03-25 06:00:00.000000', NULL, 1, 6, 2, 232, 1, NULL);
INSERT INTO `domicilios_domicilio` (`id`, `num_domicilio`, `fecha_creacion`, `fecha_edicion`, `estatus`, `calle_id`, `tipo_domicilio_id`, `titular_id`, `usuario_creacion_id`, `usuario_edicion_id`) VALUES(573, '144', '2020-03-25 06:00:00.000000', NULL, 1, 6, 2, 233, 1, NULL);
INSERT INTO `domicilios_domicilio` (`id`, `num_domicilio`, `fecha_creacion`, `fecha_edicion`, `estatus`, `calle_id`, `tipo_domicilio_id`, `titular_id`, `usuario_creacion_id`, `usuario_edicion_id`) VALUES(574, '145', '2020-03-25 06:00:00.000000', NULL, 1, 5, 2, 234, 1, NULL);
INSERT INTO `domicilios_domicilio` (`id`, `num_domicilio`, `fecha_creacion`, `fecha_edicion`, `estatus`, `calle_id`, `tipo_domicilio_id`, `titular_id`, `usuario_creacion_id`, `usuario_edicion_id`) VALUES(575, '137', '2020-03-25 06:00:00.000000', NULL, 1, 5, 2, 235, 1, NULL);
INSERT INTO `domicilios_domicilio` (`id`, `num_domicilio`, `fecha_creacion`, `fecha_edicion`, `estatus`, `calle_id`, `tipo_domicilio_id`, `titular_id`, `usuario_creacion_id`, `usuario_edicion_id`) VALUES(576, '139', '2020-03-25 06:00:00.000000', NULL, 1, 5, 2, 237, 1, NULL);
INSERT INTO `domicilios_domicilio` (`id`, `num_domicilio`, `fecha_creacion`, `fecha_edicion`, `estatus`, `calle_id`, `tipo_domicilio_id`, `titular_id`, `usuario_creacion_id`, `usuario_edicion_id`) VALUES(577, '141', '2020-03-25 06:00:00.000000', NULL, 1, 5, 2, 239, 1, NULL);
INSERT INTO `domicilios_domicilio` (`id`, `num_domicilio`, `fecha_creacion`, `fecha_edicion`, `estatus`, `calle_id`, `tipo_domicilio_id`, `titular_id`, `usuario_creacion_id`, `usuario_edicion_id`) VALUES(578, '143', '2020-03-25 06:00:00.000000', NULL, 1, 5, 2, 241, 1, NULL);
INSERT INTO `domicilios_domicilio` (`id`, `num_domicilio`, `fecha_creacion`, `fecha_edicion`, `estatus`, `calle_id`, `tipo_domicilio_id`, `titular_id`, `usuario_creacion_id`, `usuario_edicion_id`) VALUES(579, '147', '2020-03-25 06:00:00.000000', NULL, 1, 5, 2, 242, 1, NULL);
INSERT INTO `domicilios_domicilio` (`id`, `num_domicilio`, `fecha_creacion`, `fecha_edicion`, `estatus`, `calle_id`, `tipo_domicilio_id`, `titular_id`, `usuario_creacion_id`, `usuario_edicion_id`) VALUES(580, '149', '2020-03-25 06:00:00.000000', NULL, 1, 5, 2, 244, 1, NULL);
INSERT INTO `domicilios_domicilio` (`id`, `num_domicilio`, `fecha_creacion`, `fecha_edicion`, `estatus`, `calle_id`, `tipo_domicilio_id`, `titular_id`, `usuario_creacion_id`, `usuario_edicion_id`) VALUES(581, '118', '2020-03-25 06:00:00.000000', NULL, 1, 3, 2, 245, 1, NULL);
INSERT INTO `domicilios_domicilio` (`id`, `num_domicilio`, `fecha_creacion`, `fecha_edicion`, `estatus`, `calle_id`, `tipo_domicilio_id`, `titular_id`, `usuario_creacion_id`, `usuario_edicion_id`) VALUES(582, '120', '2020-03-25 06:00:00.000000', NULL, 1, 3, 2, 247, 1, NULL);
INSERT INTO `domicilios_domicilio` (`id`, `num_domicilio`, `fecha_creacion`, `fecha_edicion`, `estatus`, `calle_id`, `tipo_domicilio_id`, `titular_id`, `usuario_creacion_id`, `usuario_edicion_id`) VALUES(583, '107', '2020-03-25 06:00:00.000000', NULL, 1, 4, 2, 248, 1, NULL);
INSERT INTO `domicilios_domicilio` (`id`, `num_domicilio`, `fecha_creacion`, `fecha_edicion`, `estatus`, `calle_id`, `tipo_domicilio_id`, `titular_id`, `usuario_creacion_id`, `usuario_edicion_id`) VALUES(584, '141', '2020-03-25 06:00:00.000000', NULL, 1, 6, 2, 249, 1, NULL);
INSERT INTO `domicilios_domicilio` (`id`, `num_domicilio`, `fecha_creacion`, `fecha_edicion`, `estatus`, `calle_id`, `tipo_domicilio_id`, `titular_id`, `usuario_creacion_id`, `usuario_edicion_id`) VALUES(585, '104', '2020-03-25 06:00:00.000000', NULL, 1, 1, 2, 250, 1, NULL);
INSERT INTO `domicilios_domicilio` (`id`, `num_domicilio`, `fecha_creacion`, `fecha_edicion`, `estatus`, `calle_id`, `tipo_domicilio_id`, `titular_id`, `usuario_creacion_id`, `usuario_edicion_id`) VALUES(586, '112', '2020-03-25 06:00:00.000000', NULL, 1, 3, 2, 252, 1, NULL);
INSERT INTO `domicilios_domicilio` (`id`, `num_domicilio`, `fecha_creacion`, `fecha_edicion`, `estatus`, `calle_id`, `tipo_domicilio_id`, `titular_id`, `usuario_creacion_id`, `usuario_edicion_id`) VALUES(587, '101', '2020-03-25 06:00:00.000000', NULL, 1, 4, 2, 254, 1, NULL);
INSERT INTO `domicilios_domicilio` (`id`, `num_domicilio`, `fecha_creacion`, `fecha_edicion`, `estatus`, `calle_id`, `tipo_domicilio_id`, `titular_id`, `usuario_creacion_id`, `usuario_edicion_id`) VALUES(588, '101A', '2020-03-25 06:00:00.000000', NULL, 1, 4, 2, 256, 1, NULL);
INSERT INTO `domicilios_domicilio` (`id`, `num_domicilio`, `fecha_creacion`, `fecha_edicion`, `estatus`, `calle_id`, `tipo_domicilio_id`, `titular_id`, `usuario_creacion_id`, `usuario_edicion_id`) VALUES(589, '103', '2020-03-25 06:00:00.000000', NULL, 1, 4, 2, 257, 1, NULL);
INSERT INTO `domicilios_domicilio` (`id`, `num_domicilio`, `fecha_creacion`, `fecha_edicion`, `estatus`, `calle_id`, `tipo_domicilio_id`, `titular_id`, `usuario_creacion_id`, `usuario_edicion_id`) VALUES(590, '108', '2020-03-25 06:00:00.000000', NULL, 1, 4, 2, 258, 1, NULL);
INSERT INTO `domicilios_domicilio` (`id`, `num_domicilio`, `fecha_creacion`, `fecha_edicion`, `estatus`, `calle_id`, `tipo_domicilio_id`, `titular_id`, `usuario_creacion_id`, `usuario_edicion_id`) VALUES(591, '112', '2020-03-25 06:00:00.000000', NULL, 1, 4, 2, 261, 1, NULL);
INSERT INTO `domicilios_domicilio` (`id`, `num_domicilio`, `fecha_creacion`, `fecha_edicion`, `estatus`, `calle_id`, `tipo_domicilio_id`, `titular_id`, `usuario_creacion_id`, `usuario_edicion_id`) VALUES(592, '114', '2020-03-25 06:00:00.000000', NULL, 1, 4, 2, 262, 1, NULL);
INSERT INTO `domicilios_domicilio` (`id`, `num_domicilio`, `fecha_creacion`, `fecha_edicion`, `estatus`, `calle_id`, `tipo_domicilio_id`, `titular_id`, `usuario_creacion_id`, `usuario_edicion_id`) VALUES(593, '108', '2020-03-25 06:00:00.000000', NULL, 1, 2, 2, 263, 1, NULL);
INSERT INTO `domicilios_domicilio` (`id`, `num_domicilio`, `fecha_creacion`, `fecha_edicion`, `estatus`, `calle_id`, `tipo_domicilio_id`, `titular_id`, `usuario_creacion_id`, `usuario_edicion_id`) VALUES(594, '110', '2020-03-25 06:00:00.000000', NULL, 1, 2, 2, 265, 1, NULL);
INSERT INTO `domicilios_domicilio` (`id`, `num_domicilio`, `fecha_creacion`, `fecha_edicion`, `estatus`, `calle_id`, `tipo_domicilio_id`, `titular_id`, `usuario_creacion_id`, `usuario_edicion_id`) VALUES(595, '111', '2020-03-25 06:00:00.000000', NULL, 1, 2, 2, 267, 1, NULL);
INSERT INTO `domicilios_domicilio` (`id`, `num_domicilio`, `fecha_creacion`, `fecha_edicion`, `estatus`, `calle_id`, `tipo_domicilio_id`, `titular_id`, `usuario_creacion_id`, `usuario_edicion_id`) VALUES(596, '113', '2020-03-25 06:00:00.000000', NULL, 1, 2, 2, 269, 1, NULL);
INSERT INTO `domicilios_domicilio` (`id`, `num_domicilio`, `fecha_creacion`, `fecha_edicion`, `estatus`, `calle_id`, `tipo_domicilio_id`, `titular_id`, `usuario_creacion_id`, `usuario_edicion_id`) VALUES(597, '115', '2020-03-25 06:00:00.000000', NULL, 1, 2, 2, 270, 1, NULL);
INSERT INTO `domicilios_domicilio` (`id`, `num_domicilio`, `fecha_creacion`, `fecha_edicion`, `estatus`, `calle_id`, `tipo_domicilio_id`, `titular_id`, `usuario_creacion_id`, `usuario_edicion_id`) VALUES(598, '116', '2020-03-25 06:00:00.000000', NULL, 1, 2, 2, 271, 1, NULL);

INSERT INTO `domicilios_colonodomicilio` (`id`, `fecha_creacion`, `fecha_edicion`, `estatus`, `colono_id`, `domicilio_id`, `usuario_creacion_id`, `usuario_edicion_id`) VALUES(143, '2020-03-25 06:00:00.000000', NULL, 1, 146, 512, 1, NULL);
INSERT INTO `domicilios_colonodomicilio` (`id`, `fecha_creacion`, `fecha_edicion`, `estatus`, `colono_id`, `domicilio_id`, `usuario_creacion_id`, `usuario_edicion_id`) VALUES(144, '2020-03-25 06:00:00.000000', NULL, 1, 147, 513, 1, NULL);
INSERT INTO `domicilios_colonodomicilio` (`id`, `fecha_creacion`, `fecha_edicion`, `estatus`, `colono_id`, `domicilio_id`, `usuario_creacion_id`, `usuario_edicion_id`) VALUES(145, '2020-03-25 06:00:00.000000', NULL, 1, 148, 513, 1, NULL);
INSERT INTO `domicilios_colonodomicilio` (`id`, `fecha_creacion`, `fecha_edicion`, `estatus`, `colono_id`, `domicilio_id`, `usuario_creacion_id`, `usuario_edicion_id`) VALUES(146, '2020-03-25 06:00:00.000000', NULL, 1, 149, 514, 1, NULL);
INSERT INTO `domicilios_colonodomicilio` (`id`, `fecha_creacion`, `fecha_edicion`, `estatus`, `colono_id`, `domicilio_id`, `usuario_creacion_id`, `usuario_edicion_id`) VALUES(147, '2020-03-25 06:00:00.000000', NULL, 1, 150, 514, 1, NULL);
INSERT INTO `domicilios_colonodomicilio` (`id`, `fecha_creacion`, `fecha_edicion`, `estatus`, `colono_id`, `domicilio_id`, `usuario_creacion_id`, `usuario_edicion_id`) VALUES(148, '2020-03-25 06:00:00.000000', NULL, 1, 151, 515, 1, NULL);
INSERT INTO `domicilios_colonodomicilio` (`id`, `fecha_creacion`, `fecha_edicion`, `estatus`, `colono_id`, `domicilio_id`, `usuario_creacion_id`, `usuario_edicion_id`) VALUES(149, '2020-03-25 06:00:00.000000', NULL, 1, 152, 515, 1, NULL);
INSERT INTO `domicilios_colonodomicilio` (`id`, `fecha_creacion`, `fecha_edicion`, `estatus`, `colono_id`, `domicilio_id`, `usuario_creacion_id`, `usuario_edicion_id`) VALUES(150, '2020-03-25 06:00:00.000000', NULL, 1, 153, 516, 1, NULL);
INSERT INTO `domicilios_colonodomicilio` (`id`, `fecha_creacion`, `fecha_edicion`, `estatus`, `colono_id`, `domicilio_id`, `usuario_creacion_id`, `usuario_edicion_id`) VALUES(151, '2020-03-25 06:00:00.000000', NULL, 1, 154, 517, 1, NULL);
INSERT INTO `domicilios_colonodomicilio` (`id`, `fecha_creacion`, `fecha_edicion`, `estatus`, `colono_id`, `domicilio_id`, `usuario_creacion_id`, `usuario_edicion_id`) VALUES(152, '2020-03-25 06:00:00.000000', NULL, 1, 155, 518, 1, NULL);
INSERT INTO `domicilios_colonodomicilio` (`id`, `fecha_creacion`, `fecha_edicion`, `estatus`, `colono_id`, `domicilio_id`, `usuario_creacion_id`, `usuario_edicion_id`) VALUES(153, '2020-03-25 06:00:00.000000', NULL, 1, 156, 519, 1, NULL);
INSERT INTO `domicilios_colonodomicilio` (`id`, `fecha_creacion`, `fecha_edicion`, `estatus`, `colono_id`, `domicilio_id`, `usuario_creacion_id`, `usuario_edicion_id`) VALUES(154, '2020-03-25 06:00:00.000000', NULL, 1, 157, 520, 1, NULL);
INSERT INTO `domicilios_colonodomicilio` (`id`, `fecha_creacion`, `fecha_edicion`, `estatus`, `colono_id`, `domicilio_id`, `usuario_creacion_id`, `usuario_edicion_id`) VALUES(155, '2020-03-25 06:00:00.000000', NULL, 1, 158, 520, 1, NULL);
INSERT INTO `domicilios_colonodomicilio` (`id`, `fecha_creacion`, `fecha_edicion`, `estatus`, `colono_id`, `domicilio_id`, `usuario_creacion_id`, `usuario_edicion_id`) VALUES(156, '2020-03-25 06:00:00.000000', NULL, 1, 159, 521, 1, NULL);
INSERT INTO `domicilios_colonodomicilio` (`id`, `fecha_creacion`, `fecha_edicion`, `estatus`, `colono_id`, `domicilio_id`, `usuario_creacion_id`, `usuario_edicion_id`) VALUES(157, '2020-03-25 06:00:00.000000', NULL, 1, 160, 522, 1, NULL);
INSERT INTO `domicilios_colonodomicilio` (`id`, `fecha_creacion`, `fecha_edicion`, `estatus`, `colono_id`, `domicilio_id`, `usuario_creacion_id`, `usuario_edicion_id`) VALUES(158, '2020-03-25 06:00:00.000000', NULL, 1, 161, 523, 1, NULL);
INSERT INTO `domicilios_colonodomicilio` (`id`, `fecha_creacion`, `fecha_edicion`, `estatus`, `colono_id`, `domicilio_id`, `usuario_creacion_id`, `usuario_edicion_id`) VALUES(159, '2020-03-25 06:00:00.000000', NULL, 1, 162, 524, 1, NULL);
INSERT INTO `domicilios_colonodomicilio` (`id`, `fecha_creacion`, `fecha_edicion`, `estatus`, `colono_id`, `domicilio_id`, `usuario_creacion_id`, `usuario_edicion_id`) VALUES(160, '2020-03-25 06:00:00.000000', NULL, 1, 163, 524, 1, NULL);
INSERT INTO `domicilios_colonodomicilio` (`id`, `fecha_creacion`, `fecha_edicion`, `estatus`, `colono_id`, `domicilio_id`, `usuario_creacion_id`, `usuario_edicion_id`) VALUES(161, '2020-03-25 06:00:00.000000', NULL, 1, 164, 525, 1, NULL);
INSERT INTO `domicilios_colonodomicilio` (`id`, `fecha_creacion`, `fecha_edicion`, `estatus`, `colono_id`, `domicilio_id`, `usuario_creacion_id`, `usuario_edicion_id`) VALUES(162, '2020-03-25 06:00:00.000000', NULL, 1, 165, 525, 1, NULL);
INSERT INTO `domicilios_colonodomicilio` (`id`, `fecha_creacion`, `fecha_edicion`, `estatus`, `colono_id`, `domicilio_id`, `usuario_creacion_id`, `usuario_edicion_id`) VALUES(163, '2020-03-25 06:00:00.000000', NULL, 1, 166, 526, 1, NULL);
INSERT INTO `domicilios_colonodomicilio` (`id`, `fecha_creacion`, `fecha_edicion`, `estatus`, `colono_id`, `domicilio_id`, `usuario_creacion_id`, `usuario_edicion_id`) VALUES(164, '2020-03-25 06:00:00.000000', NULL, 1, 167, 527, 1, NULL);
INSERT INTO `domicilios_colonodomicilio` (`id`, `fecha_creacion`, `fecha_edicion`, `estatus`, `colono_id`, `domicilio_id`, `usuario_creacion_id`, `usuario_edicion_id`) VALUES(165, '2020-03-25 06:00:00.000000', NULL, 1, 168, 528, 1, NULL);
INSERT INTO `domicilios_colonodomicilio` (`id`, `fecha_creacion`, `fecha_edicion`, `estatus`, `colono_id`, `domicilio_id`, `usuario_creacion_id`, `usuario_edicion_id`) VALUES(166, '2020-03-25 06:00:00.000000', NULL, 1, 169, 529, 1, NULL);
INSERT INTO `domicilios_colonodomicilio` (`id`, `fecha_creacion`, `fecha_edicion`, `estatus`, `colono_id`, `domicilio_id`, `usuario_creacion_id`, `usuario_edicion_id`) VALUES(167, '2020-03-25 06:00:00.000000', NULL, 1, 170, 529, 1, NULL);
INSERT INTO `domicilios_colonodomicilio` (`id`, `fecha_creacion`, `fecha_edicion`, `estatus`, `colono_id`, `domicilio_id`, `usuario_creacion_id`, `usuario_edicion_id`) VALUES(168, '2020-03-25 06:00:00.000000', NULL, 1, 171, 530, 1, NULL);
INSERT INTO `domicilios_colonodomicilio` (`id`, `fecha_creacion`, `fecha_edicion`, `estatus`, `colono_id`, `domicilio_id`, `usuario_creacion_id`, `usuario_edicion_id`) VALUES(169, '2020-03-25 06:00:00.000000', NULL, 1, 172, 531, 1, NULL);
INSERT INTO `domicilios_colonodomicilio` (`id`, `fecha_creacion`, `fecha_edicion`, `estatus`, `colono_id`, `domicilio_id`, `usuario_creacion_id`, `usuario_edicion_id`) VALUES(170, '2020-03-25 06:00:00.000000', NULL, 1, 173, 532, 1, NULL);
INSERT INTO `domicilios_colonodomicilio` (`id`, `fecha_creacion`, `fecha_edicion`, `estatus`, `colono_id`, `domicilio_id`, `usuario_creacion_id`, `usuario_edicion_id`) VALUES(171, '2020-03-25 06:00:00.000000', NULL, 1, 174, 533, 1, NULL);
INSERT INTO `domicilios_colonodomicilio` (`id`, `fecha_creacion`, `fecha_edicion`, `estatus`, `colono_id`, `domicilio_id`, `usuario_creacion_id`, `usuario_edicion_id`) VALUES(172, '2020-03-25 06:00:00.000000', NULL, 1, 175, 534, 1, NULL);
INSERT INTO `domicilios_colonodomicilio` (`id`, `fecha_creacion`, `fecha_edicion`, `estatus`, `colono_id`, `domicilio_id`, `usuario_creacion_id`, `usuario_edicion_id`) VALUES(173, '2020-03-25 06:00:00.000000', NULL, 1, 176, 535, 1, NULL);
INSERT INTO `domicilios_colonodomicilio` (`id`, `fecha_creacion`, `fecha_edicion`, `estatus`, `colono_id`, `domicilio_id`, `usuario_creacion_id`, `usuario_edicion_id`) VALUES(174, '2020-03-25 06:00:00.000000', NULL, 1, 177, 535, 1, NULL);
INSERT INTO `domicilios_colonodomicilio` (`id`, `fecha_creacion`, `fecha_edicion`, `estatus`, `colono_id`, `domicilio_id`, `usuario_creacion_id`, `usuario_edicion_id`) VALUES(175, '2020-03-25 06:00:00.000000', NULL, 1, 178, 536, 1, NULL);
INSERT INTO `domicilios_colonodomicilio` (`id`, `fecha_creacion`, `fecha_edicion`, `estatus`, `colono_id`, `domicilio_id`, `usuario_creacion_id`, `usuario_edicion_id`) VALUES(176, '2020-03-25 06:00:00.000000', NULL, 1, 179, 537, 1, NULL);
INSERT INTO `domicilios_colonodomicilio` (`id`, `fecha_creacion`, `fecha_edicion`, `estatus`, `colono_id`, `domicilio_id`, `usuario_creacion_id`, `usuario_edicion_id`) VALUES(177, '2020-03-25 06:00:00.000000', NULL, 1, 180, 538, 1, NULL);
INSERT INTO `domicilios_colonodomicilio` (`id`, `fecha_creacion`, `fecha_edicion`, `estatus`, `colono_id`, `domicilio_id`, `usuario_creacion_id`, `usuario_edicion_id`) VALUES(178, '2020-03-25 06:00:00.000000', NULL, 1, 181, 539, 1, NULL);
INSERT INTO `domicilios_colonodomicilio` (`id`, `fecha_creacion`, `fecha_edicion`, `estatus`, `colono_id`, `domicilio_id`, `usuario_creacion_id`, `usuario_edicion_id`) VALUES(179, '2020-03-25 06:00:00.000000', NULL, 1, 182, 540, 1, NULL);
INSERT INTO `domicilios_colonodomicilio` (`id`, `fecha_creacion`, `fecha_edicion`, `estatus`, `colono_id`, `domicilio_id`, `usuario_creacion_id`, `usuario_edicion_id`) VALUES(180, '2020-03-25 06:00:00.000000', NULL, 1, 183, 540, 1, NULL);
INSERT INTO `domicilios_colonodomicilio` (`id`, `fecha_creacion`, `fecha_edicion`, `estatus`, `colono_id`, `domicilio_id`, `usuario_creacion_id`, `usuario_edicion_id`) VALUES(181, '2020-03-25 06:00:00.000000', NULL, 1, 184, 541, 1, NULL);
INSERT INTO `domicilios_colonodomicilio` (`id`, `fecha_creacion`, `fecha_edicion`, `estatus`, `colono_id`, `domicilio_id`, `usuario_creacion_id`, `usuario_edicion_id`) VALUES(182, '2020-03-25 06:00:00.000000', NULL, 1, 185, 542, 1, NULL);
INSERT INTO `domicilios_colonodomicilio` (`id`, `fecha_creacion`, `fecha_edicion`, `estatus`, `colono_id`, `domicilio_id`, `usuario_creacion_id`, `usuario_edicion_id`) VALUES(183, '2020-03-25 06:00:00.000000', NULL, 1, 186, 543, 1, NULL);
INSERT INTO `domicilios_colonodomicilio` (`id`, `fecha_creacion`, `fecha_edicion`, `estatus`, `colono_id`, `domicilio_id`, `usuario_creacion_id`, `usuario_edicion_id`) VALUES(184, '2020-03-25 06:00:00.000000', NULL, 1, 187, 544, 1, NULL);
INSERT INTO `domicilios_colonodomicilio` (`id`, `fecha_creacion`, `fecha_edicion`, `estatus`, `colono_id`, `domicilio_id`, `usuario_creacion_id`, `usuario_edicion_id`) VALUES(185, '2020-03-25 06:00:00.000000', NULL, 1, 188, 544, 1, NULL);
INSERT INTO `domicilios_colonodomicilio` (`id`, `fecha_creacion`, `fecha_edicion`, `estatus`, `colono_id`, `domicilio_id`, `usuario_creacion_id`, `usuario_edicion_id`) VALUES(186, '2020-03-25 06:00:00.000000', NULL, 1, 189, 545, 1, NULL);
INSERT INTO `domicilios_colonodomicilio` (`id`, `fecha_creacion`, `fecha_edicion`, `estatus`, `colono_id`, `domicilio_id`, `usuario_creacion_id`, `usuario_edicion_id`) VALUES(187, '2020-03-25 06:00:00.000000', NULL, 1, 190, 546, 1, NULL);
INSERT INTO `domicilios_colonodomicilio` (`id`, `fecha_creacion`, `fecha_edicion`, `estatus`, `colono_id`, `domicilio_id`, `usuario_creacion_id`, `usuario_edicion_id`) VALUES(188, '2020-03-25 06:00:00.000000', NULL, 1, 191, 546, 1, NULL);
INSERT INTO `domicilios_colonodomicilio` (`id`, `fecha_creacion`, `fecha_edicion`, `estatus`, `colono_id`, `domicilio_id`, `usuario_creacion_id`, `usuario_edicion_id`) VALUES(189, '2020-03-25 06:00:00.000000', NULL, 1, 192, 547, 1, NULL);
INSERT INTO `domicilios_colonodomicilio` (`id`, `fecha_creacion`, `fecha_edicion`, `estatus`, `colono_id`, `domicilio_id`, `usuario_creacion_id`, `usuario_edicion_id`) VALUES(190, '2020-03-25 06:00:00.000000', NULL, 1, 193, 548, 1, NULL);
INSERT INTO `domicilios_colonodomicilio` (`id`, `fecha_creacion`, `fecha_edicion`, `estatus`, `colono_id`, `domicilio_id`, `usuario_creacion_id`, `usuario_edicion_id`) VALUES(191, '2020-03-25 06:00:00.000000', NULL, 1, 194, 548, 1, NULL);
INSERT INTO `domicilios_colonodomicilio` (`id`, `fecha_creacion`, `fecha_edicion`, `estatus`, `colono_id`, `domicilio_id`, `usuario_creacion_id`, `usuario_edicion_id`) VALUES(192, '2020-03-25 06:00:00.000000', NULL, 1, 195, 549, 1, NULL);
INSERT INTO `domicilios_colonodomicilio` (`id`, `fecha_creacion`, `fecha_edicion`, `estatus`, `colono_id`, `domicilio_id`, `usuario_creacion_id`, `usuario_edicion_id`) VALUES(193, '2020-03-25 06:00:00.000000', NULL, 1, 196, 549, 1, NULL);
INSERT INTO `domicilios_colonodomicilio` (`id`, `fecha_creacion`, `fecha_edicion`, `estatus`, `colono_id`, `domicilio_id`, `usuario_creacion_id`, `usuario_edicion_id`) VALUES(194, '2020-03-25 06:00:00.000000', NULL, 1, 197, 550, 1, NULL);
INSERT INTO `domicilios_colonodomicilio` (`id`, `fecha_creacion`, `fecha_edicion`, `estatus`, `colono_id`, `domicilio_id`, `usuario_creacion_id`, `usuario_edicion_id`) VALUES(195, '2020-03-25 06:00:00.000000', NULL, 1, 198, 551, 1, NULL);
INSERT INTO `domicilios_colonodomicilio` (`id`, `fecha_creacion`, `fecha_edicion`, `estatus`, `colono_id`, `domicilio_id`, `usuario_creacion_id`, `usuario_edicion_id`) VALUES(196, '2020-03-25 06:00:00.000000', NULL, 1, 199, 552, 1, NULL);
INSERT INTO `domicilios_colonodomicilio` (`id`, `fecha_creacion`, `fecha_edicion`, `estatus`, `colono_id`, `domicilio_id`, `usuario_creacion_id`, `usuario_edicion_id`) VALUES(197, '2020-03-25 06:00:00.000000', NULL, 1, 200, 552, 1, NULL);
INSERT INTO `domicilios_colonodomicilio` (`id`, `fecha_creacion`, `fecha_edicion`, `estatus`, `colono_id`, `domicilio_id`, `usuario_creacion_id`, `usuario_edicion_id`) VALUES(198, '2020-03-25 06:00:00.000000', NULL, 1, 201, 553, 1, NULL);
INSERT INTO `domicilios_colonodomicilio` (`id`, `fecha_creacion`, `fecha_edicion`, `estatus`, `colono_id`, `domicilio_id`, `usuario_creacion_id`, `usuario_edicion_id`) VALUES(199, '2020-03-25 06:00:00.000000', NULL, 1, 202, 554, 1, NULL);
INSERT INTO `domicilios_colonodomicilio` (`id`, `fecha_creacion`, `fecha_edicion`, `estatus`, `colono_id`, `domicilio_id`, `usuario_creacion_id`, `usuario_edicion_id`) VALUES(200, '2020-03-25 06:00:00.000000', NULL, 1, 203, 554, 1, NULL);
INSERT INTO `domicilios_colonodomicilio` (`id`, `fecha_creacion`, `fecha_edicion`, `estatus`, `colono_id`, `domicilio_id`, `usuario_creacion_id`, `usuario_edicion_id`) VALUES(201, '2020-03-25 06:00:00.000000', NULL, 1, 204, 555, 1, NULL);
INSERT INTO `domicilios_colonodomicilio` (`id`, `fecha_creacion`, `fecha_edicion`, `estatus`, `colono_id`, `domicilio_id`, `usuario_creacion_id`, `usuario_edicion_id`) VALUES(202, '2020-03-25 06:00:00.000000', NULL, 1, 205, 556, 1, NULL);
INSERT INTO `domicilios_colonodomicilio` (`id`, `fecha_creacion`, `fecha_edicion`, `estatus`, `colono_id`, `domicilio_id`, `usuario_creacion_id`, `usuario_edicion_id`) VALUES(203, '2020-03-25 06:00:00.000000', NULL, 1, 206, 556, 1, NULL);
INSERT INTO `domicilios_colonodomicilio` (`id`, `fecha_creacion`, `fecha_edicion`, `estatus`, `colono_id`, `domicilio_id`, `usuario_creacion_id`, `usuario_edicion_id`) VALUES(204, '2020-03-25 06:00:00.000000', NULL, 1, 207, 557, 1, NULL);
INSERT INTO `domicilios_colonodomicilio` (`id`, `fecha_creacion`, `fecha_edicion`, `estatus`, `colono_id`, `domicilio_id`, `usuario_creacion_id`, `usuario_edicion_id`) VALUES(205, '2020-03-25 06:00:00.000000', NULL, 1, 208, 557, 1, NULL);
INSERT INTO `domicilios_colonodomicilio` (`id`, `fecha_creacion`, `fecha_edicion`, `estatus`, `colono_id`, `domicilio_id`, `usuario_creacion_id`, `usuario_edicion_id`) VALUES(206, '2020-03-25 06:00:00.000000', NULL, 1, 209, 558, 1, NULL);
INSERT INTO `domicilios_colonodomicilio` (`id`, `fecha_creacion`, `fecha_edicion`, `estatus`, `colono_id`, `domicilio_id`, `usuario_creacion_id`, `usuario_edicion_id`) VALUES(207, '2020-03-25 06:00:00.000000', NULL, 1, 210, 559, 1, NULL);
INSERT INTO `domicilios_colonodomicilio` (`id`, `fecha_creacion`, `fecha_edicion`, `estatus`, `colono_id`, `domicilio_id`, `usuario_creacion_id`, `usuario_edicion_id`) VALUES(208, '2020-03-25 06:00:00.000000', NULL, 1, 211, 560, 1, NULL);
INSERT INTO `domicilios_colonodomicilio` (`id`, `fecha_creacion`, `fecha_edicion`, `estatus`, `colono_id`, `domicilio_id`, `usuario_creacion_id`, `usuario_edicion_id`) VALUES(209, '2020-03-25 06:00:00.000000', NULL, 1, 212, 561, 1, NULL);
INSERT INTO `domicilios_colonodomicilio` (`id`, `fecha_creacion`, `fecha_edicion`, `estatus`, `colono_id`, `domicilio_id`, `usuario_creacion_id`, `usuario_edicion_id`) VALUES(210, '2020-03-25 06:00:00.000000', NULL, 1, 213, 561, 1, NULL);
INSERT INTO `domicilios_colonodomicilio` (`id`, `fecha_creacion`, `fecha_edicion`, `estatus`, `colono_id`, `domicilio_id`, `usuario_creacion_id`, `usuario_edicion_id`) VALUES(211, '2020-03-25 06:00:00.000000', NULL, 1, 214, 485, 1, NULL);
INSERT INTO `domicilios_colonodomicilio` (`id`, `fecha_creacion`, `fecha_edicion`, `estatus`, `colono_id`, `domicilio_id`, `usuario_creacion_id`, `usuario_edicion_id`) VALUES(212, '2020-03-25 06:00:00.000000', NULL, 1, 215, 485, 1, NULL);
INSERT INTO `domicilios_colonodomicilio` (`id`, `fecha_creacion`, `fecha_edicion`, `estatus`, `colono_id`, `domicilio_id`, `usuario_creacion_id`, `usuario_edicion_id`) VALUES(213, '2020-03-25 06:00:00.000000', NULL, 1, 216, 562, 1, NULL);
INSERT INTO `domicilios_colonodomicilio` (`id`, `fecha_creacion`, `fecha_edicion`, `estatus`, `colono_id`, `domicilio_id`, `usuario_creacion_id`, `usuario_edicion_id`) VALUES(214, '2020-03-25 06:00:00.000000', NULL, 1, 217, 562, 1, NULL);
INSERT INTO `domicilios_colonodomicilio` (`id`, `fecha_creacion`, `fecha_edicion`, `estatus`, `colono_id`, `domicilio_id`, `usuario_creacion_id`, `usuario_edicion_id`) VALUES(215, '2020-03-25 06:00:00.000000', NULL, 1, 218, 488, 1, NULL);
INSERT INTO `domicilios_colonodomicilio` (`id`, `fecha_creacion`, `fecha_edicion`, `estatus`, `colono_id`, `domicilio_id`, `usuario_creacion_id`, `usuario_edicion_id`) VALUES(216, '2020-03-25 06:00:00.000000', NULL, 1, 219, 563, 1, NULL);
INSERT INTO `domicilios_colonodomicilio` (`id`, `fecha_creacion`, `fecha_edicion`, `estatus`, `colono_id`, `domicilio_id`, `usuario_creacion_id`, `usuario_edicion_id`) VALUES(217, '2020-03-25 06:00:00.000000', NULL, 1, 220, 564, 1, NULL);
INSERT INTO `domicilios_colonodomicilio` (`id`, `fecha_creacion`, `fecha_edicion`, `estatus`, `colono_id`, `domicilio_id`, `usuario_creacion_id`, `usuario_edicion_id`) VALUES(218, '2020-03-25 06:00:00.000000', NULL, 1, 221, 564, 1, NULL);
INSERT INTO `domicilios_colonodomicilio` (`id`, `fecha_creacion`, `fecha_edicion`, `estatus`, `colono_id`, `domicilio_id`, `usuario_creacion_id`, `usuario_edicion_id`) VALUES(219, '2020-03-25 06:00:00.000000', NULL, 1, 222, 565, 1, NULL);
INSERT INTO `domicilios_colonodomicilio` (`id`, `fecha_creacion`, `fecha_edicion`, `estatus`, `colono_id`, `domicilio_id`, `usuario_creacion_id`, `usuario_edicion_id`) VALUES(220, '2020-03-25 06:00:00.000000', NULL, 1, 223, 566, 1, NULL);
INSERT INTO `domicilios_colonodomicilio` (`id`, `fecha_creacion`, `fecha_edicion`, `estatus`, `colono_id`, `domicilio_id`, `usuario_creacion_id`, `usuario_edicion_id`) VALUES(221, '2020-03-25 06:00:00.000000', NULL, 1, 224, 566, 1, NULL);
INSERT INTO `domicilios_colonodomicilio` (`id`, `fecha_creacion`, `fecha_edicion`, `estatus`, `colono_id`, `domicilio_id`, `usuario_creacion_id`, `usuario_edicion_id`) VALUES(222, '2020-03-25 06:00:00.000000', NULL, 1, 225, 567, 1, NULL);
INSERT INTO `domicilios_colonodomicilio` (`id`, `fecha_creacion`, `fecha_edicion`, `estatus`, `colono_id`, `domicilio_id`, `usuario_creacion_id`, `usuario_edicion_id`) VALUES(223, '2020-03-25 06:00:00.000000', NULL, 1, 226, 568, 1, NULL);
INSERT INTO `domicilios_colonodomicilio` (`id`, `fecha_creacion`, `fecha_edicion`, `estatus`, `colono_id`, `domicilio_id`, `usuario_creacion_id`, `usuario_edicion_id`) VALUES(224, '2020-03-25 06:00:00.000000', NULL, 1, 227, 568, 1, NULL);
INSERT INTO `domicilios_colonodomicilio` (`id`, `fecha_creacion`, `fecha_edicion`, `estatus`, `colono_id`, `domicilio_id`, `usuario_creacion_id`, `usuario_edicion_id`) VALUES(225, '2020-03-25 06:00:00.000000', NULL, 1, 228, 569, 1, NULL);
INSERT INTO `domicilios_colonodomicilio` (`id`, `fecha_creacion`, `fecha_edicion`, `estatus`, `colono_id`, `domicilio_id`, `usuario_creacion_id`, `usuario_edicion_id`) VALUES(226, '2020-03-25 06:00:00.000000', NULL, 1, 229, 570, 1, NULL);
INSERT INTO `domicilios_colonodomicilio` (`id`, `fecha_creacion`, `fecha_edicion`, `estatus`, `colono_id`, `domicilio_id`, `usuario_creacion_id`, `usuario_edicion_id`) VALUES(227, '2020-03-25 06:00:00.000000', NULL, 1, 230, 571, 1, NULL);
INSERT INTO `domicilios_colonodomicilio` (`id`, `fecha_creacion`, `fecha_edicion`, `estatus`, `colono_id`, `domicilio_id`, `usuario_creacion_id`, `usuario_edicion_id`) VALUES(228, '2020-03-25 06:00:00.000000', NULL, 1, 231, 571, 1, NULL);
INSERT INTO `domicilios_colonodomicilio` (`id`, `fecha_creacion`, `fecha_edicion`, `estatus`, `colono_id`, `domicilio_id`, `usuario_creacion_id`, `usuario_edicion_id`) VALUES(229, '2020-03-25 06:00:00.000000', NULL, 1, 232, 572, 1, NULL);
INSERT INTO `domicilios_colonodomicilio` (`id`, `fecha_creacion`, `fecha_edicion`, `estatus`, `colono_id`, `domicilio_id`, `usuario_creacion_id`, `usuario_edicion_id`) VALUES(230, '2020-03-25 06:00:00.000000', NULL, 1, 233, 573, 1, NULL);
INSERT INTO `domicilios_colonodomicilio` (`id`, `fecha_creacion`, `fecha_edicion`, `estatus`, `colono_id`, `domicilio_id`, `usuario_creacion_id`, `usuario_edicion_id`) VALUES(231, '2020-03-25 06:00:00.000000', NULL, 1, 234, 574, 1, NULL);
INSERT INTO `domicilios_colonodomicilio` (`id`, `fecha_creacion`, `fecha_edicion`, `estatus`, `colono_id`, `domicilio_id`, `usuario_creacion_id`, `usuario_edicion_id`) VALUES(232, '2020-03-25 06:00:00.000000', NULL, 1, 235, 575, 1, NULL);
INSERT INTO `domicilios_colonodomicilio` (`id`, `fecha_creacion`, `fecha_edicion`, `estatus`, `colono_id`, `domicilio_id`, `usuario_creacion_id`, `usuario_edicion_id`) VALUES(233, '2020-03-25 06:00:00.000000', NULL, 1, 236, 575, 1, NULL);
INSERT INTO `domicilios_colonodomicilio` (`id`, `fecha_creacion`, `fecha_edicion`, `estatus`, `colono_id`, `domicilio_id`, `usuario_creacion_id`, `usuario_edicion_id`) VALUES(234, '2020-03-25 06:00:00.000000', NULL, 1, 237, 576, 1, NULL);
INSERT INTO `domicilios_colonodomicilio` (`id`, `fecha_creacion`, `fecha_edicion`, `estatus`, `colono_id`, `domicilio_id`, `usuario_creacion_id`, `usuario_edicion_id`) VALUES(235, '2020-03-25 06:00:00.000000', NULL, 1, 238, 576, 1, NULL);
INSERT INTO `domicilios_colonodomicilio` (`id`, `fecha_creacion`, `fecha_edicion`, `estatus`, `colono_id`, `domicilio_id`, `usuario_creacion_id`, `usuario_edicion_id`) VALUES(236, '2020-03-25 06:00:00.000000', NULL, 1, 239, 577, 1, NULL);
INSERT INTO `domicilios_colonodomicilio` (`id`, `fecha_creacion`, `fecha_edicion`, `estatus`, `colono_id`, `domicilio_id`, `usuario_creacion_id`, `usuario_edicion_id`) VALUES(237, '2020-03-25 06:00:00.000000', NULL, 1, 240, 577, 1, NULL);
INSERT INTO `domicilios_colonodomicilio` (`id`, `fecha_creacion`, `fecha_edicion`, `estatus`, `colono_id`, `domicilio_id`, `usuario_creacion_id`, `usuario_edicion_id`) VALUES(238, '2020-03-25 06:00:00.000000', NULL, 1, 241, 578, 1, NULL);
INSERT INTO `domicilios_colonodomicilio` (`id`, `fecha_creacion`, `fecha_edicion`, `estatus`, `colono_id`, `domicilio_id`, `usuario_creacion_id`, `usuario_edicion_id`) VALUES(239, '2020-03-25 06:00:00.000000', NULL, 1, 242, 579, 1, NULL);
INSERT INTO `domicilios_colonodomicilio` (`id`, `fecha_creacion`, `fecha_edicion`, `estatus`, `colono_id`, `domicilio_id`, `usuario_creacion_id`, `usuario_edicion_id`) VALUES(240, '2020-03-25 06:00:00.000000', NULL, 1, 243, 580, 1, NULL);
INSERT INTO `domicilios_colonodomicilio` (`id`, `fecha_creacion`, `fecha_edicion`, `estatus`, `colono_id`, `domicilio_id`, `usuario_creacion_id`, `usuario_edicion_id`) VALUES(241, '2020-03-25 06:00:00.000000', NULL, 1, 244, 580, 1, NULL);
INSERT INTO `domicilios_colonodomicilio` (`id`, `fecha_creacion`, `fecha_edicion`, `estatus`, `colono_id`, `domicilio_id`, `usuario_creacion_id`, `usuario_edicion_id`) VALUES(242, '2020-03-25 06:00:00.000000', NULL, 1, 245, 581, 1, NULL);
INSERT INTO `domicilios_colonodomicilio` (`id`, `fecha_creacion`, `fecha_edicion`, `estatus`, `colono_id`, `domicilio_id`, `usuario_creacion_id`, `usuario_edicion_id`) VALUES(243, '2020-03-25 06:00:00.000000', NULL, 1, 246, 581, 1, NULL);
INSERT INTO `domicilios_colonodomicilio` (`id`, `fecha_creacion`, `fecha_edicion`, `estatus`, `colono_id`, `domicilio_id`, `usuario_creacion_id`, `usuario_edicion_id`) VALUES(244, '2020-03-25 06:00:00.000000', NULL, 1, 247, 582, 1, NULL);
INSERT INTO `domicilios_colonodomicilio` (`id`, `fecha_creacion`, `fecha_edicion`, `estatus`, `colono_id`, `domicilio_id`, `usuario_creacion_id`, `usuario_edicion_id`) VALUES(245, '2020-03-25 06:00:00.000000', NULL, 1, 248, 583, 1, NULL);
INSERT INTO `domicilios_colonodomicilio` (`id`, `fecha_creacion`, `fecha_edicion`, `estatus`, `colono_id`, `domicilio_id`, `usuario_creacion_id`, `usuario_edicion_id`) VALUES(246, '2020-03-25 06:00:00.000000', NULL, 1, 249, 584, 1, NULL);
INSERT INTO `domicilios_colonodomicilio` (`id`, `fecha_creacion`, `fecha_edicion`, `estatus`, `colono_id`, `domicilio_id`, `usuario_creacion_id`, `usuario_edicion_id`) VALUES(247, '2020-03-25 06:00:00.000000', NULL, 1, 250, 585, 1, NULL);
INSERT INTO `domicilios_colonodomicilio` (`id`, `fecha_creacion`, `fecha_edicion`, `estatus`, `colono_id`, `domicilio_id`, `usuario_creacion_id`, `usuario_edicion_id`) VALUES(248, '2020-03-25 06:00:00.000000', NULL, 1, 251, 553, 1, NULL);
INSERT INTO `domicilios_colonodomicilio` (`id`, `fecha_creacion`, `fecha_edicion`, `estatus`, `colono_id`, `domicilio_id`, `usuario_creacion_id`, `usuario_edicion_id`) VALUES(249, '2020-03-25 06:00:00.000000', NULL, 1, 252, 586, 1, NULL);
INSERT INTO `domicilios_colonodomicilio` (`id`, `fecha_creacion`, `fecha_edicion`, `estatus`, `colono_id`, `domicilio_id`, `usuario_creacion_id`, `usuario_edicion_id`) VALUES(250, '2020-03-25 06:00:00.000000', NULL, 1, 253, 528, 1, NULL);
INSERT INTO `domicilios_colonodomicilio` (`id`, `fecha_creacion`, `fecha_edicion`, `estatus`, `colono_id`, `domicilio_id`, `usuario_creacion_id`, `usuario_edicion_id`) VALUES(251, '2020-03-25 06:00:00.000000', NULL, 1, 254, 587, 1, NULL);
INSERT INTO `domicilios_colonodomicilio` (`id`, `fecha_creacion`, `fecha_edicion`, `estatus`, `colono_id`, `domicilio_id`, `usuario_creacion_id`, `usuario_edicion_id`) VALUES(252, '2020-03-25 06:00:00.000000', NULL, 1, 255, 587, 1, NULL);
INSERT INTO `domicilios_colonodomicilio` (`id`, `fecha_creacion`, `fecha_edicion`, `estatus`, `colono_id`, `domicilio_id`, `usuario_creacion_id`, `usuario_edicion_id`) VALUES(253, '2020-03-25 06:00:00.000000', NULL, 1, 256, 588, 1, NULL);
INSERT INTO `domicilios_colonodomicilio` (`id`, `fecha_creacion`, `fecha_edicion`, `estatus`, `colono_id`, `domicilio_id`, `usuario_creacion_id`, `usuario_edicion_id`) VALUES(254, '2020-03-25 06:00:00.000000', NULL, 1, 257, 589, 1, NULL);
INSERT INTO `domicilios_colonodomicilio` (`id`, `fecha_creacion`, `fecha_edicion`, `estatus`, `colono_id`, `domicilio_id`, `usuario_creacion_id`, `usuario_edicion_id`) VALUES(255, '2020-03-25 06:00:00.000000', NULL, 1, 258, 590, 1, NULL);
INSERT INTO `domicilios_colonodomicilio` (`id`, `fecha_creacion`, `fecha_edicion`, `estatus`, `colono_id`, `domicilio_id`, `usuario_creacion_id`, `usuario_edicion_id`) VALUES(256, '2020-03-25 06:00:00.000000', NULL, 1, 259, 590, 1, NULL);
INSERT INTO `domicilios_colonodomicilio` (`id`, `fecha_creacion`, `fecha_edicion`, `estatus`, `colono_id`, `domicilio_id`, `usuario_creacion_id`, `usuario_edicion_id`) VALUES(257, '2020-03-25 06:00:00.000000', NULL, 1, 260, 591, 1, NULL);
INSERT INTO `domicilios_colonodomicilio` (`id`, `fecha_creacion`, `fecha_edicion`, `estatus`, `colono_id`, `domicilio_id`, `usuario_creacion_id`, `usuario_edicion_id`) VALUES(258, '2020-03-25 06:00:00.000000', NULL, 1, 261, 591, 1, NULL);
INSERT INTO `domicilios_colonodomicilio` (`id`, `fecha_creacion`, `fecha_edicion`, `estatus`, `colono_id`, `domicilio_id`, `usuario_creacion_id`, `usuario_edicion_id`) VALUES(259, '2020-03-25 06:00:00.000000', NULL, 1, 262, 592, 1, NULL);
INSERT INTO `domicilios_colonodomicilio` (`id`, `fecha_creacion`, `fecha_edicion`, `estatus`, `colono_id`, `domicilio_id`, `usuario_creacion_id`, `usuario_edicion_id`) VALUES(260, '2020-03-25 06:00:00.000000', NULL, 1, 263, 593, 1, NULL);
INSERT INTO `domicilios_colonodomicilio` (`id`, `fecha_creacion`, `fecha_edicion`, `estatus`, `colono_id`, `domicilio_id`, `usuario_creacion_id`, `usuario_edicion_id`) VALUES(261, '2020-03-25 06:00:00.000000', NULL, 1, 264, 593, 1, NULL);
INSERT INTO `domicilios_colonodomicilio` (`id`, `fecha_creacion`, `fecha_edicion`, `estatus`, `colono_id`, `domicilio_id`, `usuario_creacion_id`, `usuario_edicion_id`) VALUES(262, '2020-03-25 06:00:00.000000', NULL, 1, 265, 594, 1, NULL);
INSERT INTO `domicilios_colonodomicilio` (`id`, `fecha_creacion`, `fecha_edicion`, `estatus`, `colono_id`, `domicilio_id`, `usuario_creacion_id`, `usuario_edicion_id`) VALUES(263, '2020-03-25 06:00:00.000000', NULL, 1, 266, 594, 1, NULL);
INSERT INTO `domicilios_colonodomicilio` (`id`, `fecha_creacion`, `fecha_edicion`, `estatus`, `colono_id`, `domicilio_id`, `usuario_creacion_id`, `usuario_edicion_id`) VALUES(264, '2020-03-25 06:00:00.000000', NULL, 1, 267, 595, 1, NULL);
INSERT INTO `domicilios_colonodomicilio` (`id`, `fecha_creacion`, `fecha_edicion`, `estatus`, `colono_id`, `domicilio_id`, `usuario_creacion_id`, `usuario_edicion_id`) VALUES(265, '2020-03-25 06:00:00.000000', NULL, 1, 268, 595, 1, NULL);
INSERT INTO `domicilios_colonodomicilio` (`id`, `fecha_creacion`, `fecha_edicion`, `estatus`, `colono_id`, `domicilio_id`, `usuario_creacion_id`, `usuario_edicion_id`) VALUES(266, '2020-03-25 06:00:00.000000', NULL, 1, 269, 596, 1, NULL);
INSERT INTO `domicilios_colonodomicilio` (`id`, `fecha_creacion`, `fecha_edicion`, `estatus`, `colono_id`, `domicilio_id`, `usuario_creacion_id`, `usuario_edicion_id`) VALUES(267, '2020-03-25 06:00:00.000000', NULL, 1, 270, 597, 1, NULL);
INSERT INTO `domicilios_colonodomicilio` (`id`, `fecha_creacion`, `fecha_edicion`, `estatus`, `colono_id`, `domicilio_id`, `usuario_creacion_id`, `usuario_edicion_id`) VALUES(268, '2020-03-25 06:00:00.000000', NULL, 1, 271, 598, 1, NULL);
INSERT INTO `domicilios_colonodomicilio` (`id`, `fecha_creacion`, `fecha_edicion`, `estatus`, `colono_id`, `domicilio_id`, `usuario_creacion_id`, `usuario_edicion_id`) VALUES(269, '2020-03-25 06:00:00.000000', NULL, 1, 272, 598, 1, NULL);
INSERT INTO `domicilios_colonodomicilio` (`id`, `fecha_creacion`, `fecha_edicion`, `estatus`, `colono_id`, `domicilio_id`, `usuario_creacion_id`, `usuario_edicion_id`) VALUES(270, '2020-03-28 06:00:00.000000', NULL, 1, 273, 436, 1, NULL);
INSERT INTO `domicilios_colonodomicilio` (`id`, `fecha_creacion`, `fecha_edicion`, `estatus`, `colono_id`, `domicilio_id`, `usuario_creacion_id`, `usuario_edicion_id`) VALUES(271, '2020-03-29 06:00:00.000000', NULL, 1, 274, 407, 1, NULL);
INSERT INTO `domicilios_colonodomicilio` (`id`, `fecha_creacion`, `fecha_edicion`, `estatus`, `colono_id`, `domicilio_id`, `usuario_creacion_id`, `usuario_edicion_id`) VALUES(272, '2020-03-29 06:00:00.000000', NULL, 1, 275, 434, 1, NULL);
INSERT INTO `domicilios_colonodomicilio` (`id`, `fecha_creacion`, `fecha_edicion`, `estatus`, `colono_id`, `domicilio_id`, `usuario_creacion_id`, `usuario_edicion_id`) VALUES(273, '2020-04-03 06:00:00.000000', NULL, 1, 278, 408, 1, NULL);

INSERT INTO `ingresos_tipoingreso` (`id`, `descripcion`, `estatus`, `monto`, `tipo`, `fecha_creacion`, `fecha_edicion`, `borrado`, `usuario_creacion_id`, `usuario_edicion_id`) VALUES(1, 'MENSUALIDAD DE ENERO', 1, '250.00', 1, '2020-03-29 06:00:00.000000', NULL, 1, 1, NULL);
INSERT INTO `ingresos_tipoingreso` (`id`, `descripcion`, `estatus`, `monto`, `tipo`, `fecha_creacion`, `fecha_edicion`, `borrado`, `usuario_creacion_id`, `usuario_edicion_id`) VALUES(2, 'MENSUALIDAD FEBRERO', 1, '250.00', 1, '2020-03-29 06:00:00.000000', NULL, 1, 1, NULL);
INSERT INTO `ingresos_tipoingreso` (`id`, `descripcion`, `estatus`, `monto`, `tipo`, `fecha_creacion`, `fecha_edicion`, `borrado`, `usuario_creacion_id`, `usuario_edicion_id`) VALUES(3, 'MENSUALIDAD MARZO', 1, '250.00', 1, '2020-03-29 06:00:00.000000', NULL, 1, 1, NULL);
INSERT INTO `ingresos_tipoingreso` (`id`, `descripcion`, `estatus`, `monto`, `tipo`, `fecha_creacion`, `fecha_edicion`, `borrado`, `usuario_creacion_id`, `usuario_edicion_id`) VALUES(4, 'MENSUALIDAD ABRIL', 1, '250.00', 1, '2020-03-29 06:00:00.000000', NULL, 1, 1, NULL);
INSERT INTO `ingresos_tipoingreso` (`id`, `descripcion`, `estatus`, `monto`, `tipo`, `fecha_creacion`, `fecha_edicion`, `borrado`, `usuario_creacion_id`, `usuario_edicion_id`) VALUES(5, 'MENSUALIDAD MAYO', 1, '250.00', 1, '2020-03-29 06:00:00.000000', NULL, 1, 1, NULL);
INSERT INTO `ingresos_tipoingreso` (`id`, `descripcion`, `estatus`, `monto`, `tipo`, `fecha_creacion`, `fecha_edicion`, `borrado`, `usuario_creacion_id`, `usuario_edicion_id`) VALUES(6, 'MENSUALIDAD JUNIO', 1, '250.00', 1, '2020-03-29 06:00:00.000000', NULL, 1, 1, NULL);
INSERT INTO `ingresos_tipoingreso` (`id`, `descripcion`, `estatus`, `monto`, `tipo`, `fecha_creacion`, `fecha_edicion`, `borrado`, `usuario_creacion_id`, `usuario_edicion_id`) VALUES(7, 'MENSUALIDAD JULIO', 1, '250.00', 1, '2020-03-29 06:00:00.000000', NULL, 1, 1, NULL);
INSERT INTO `ingresos_tipoingreso` (`id`, `descripcion`, `estatus`, `monto`, `tipo`, `fecha_creacion`, `fecha_edicion`, `borrado`, `usuario_creacion_id`, `usuario_edicion_id`) VALUES(8, 'MENSUALIDAD AGOSTO', 1, '250.00', 1, '2020-03-29 06:00:00.000000', NULL, 1, 1, NULL);
INSERT INTO `ingresos_tipoingreso` (`id`, `descripcion`, `estatus`, `monto`, `tipo`, `fecha_creacion`, `fecha_edicion`, `borrado`, `usuario_creacion_id`, `usuario_edicion_id`) VALUES(9, 'MENSUALIDAD SEPTIEMBRE', 1, '250.00', 1, '2020-03-29 06:00:00.000000', NULL, 1, 1, NULL);
INSERT INTO `ingresos_tipoingreso` (`id`, `descripcion`, `estatus`, `monto`, `tipo`, `fecha_creacion`, `fecha_edicion`, `borrado`, `usuario_creacion_id`, `usuario_edicion_id`) VALUES(10, 'MENSUALIDAD OCTUBRE', 1, '250.00', 1, '2020-03-29 06:00:00.000000', NULL, 1, 1, NULL);
INSERT INTO `ingresos_tipoingreso` (`id`, `descripcion`, `estatus`, `monto`, `tipo`, `fecha_creacion`, `fecha_edicion`, `borrado`, `usuario_creacion_id`, `usuario_edicion_id`) VALUES(11, 'MENSUALIDAD NOVIEMBRE', 1, '250.00', 1, '2020-03-29 06:00:00.000000', NULL, 1, 1, NULL);
INSERT INTO `ingresos_tipoingreso` (`id`, `descripcion`, `estatus`, `monto`, `tipo`, `fecha_creacion`, `fecha_edicion`, `borrado`, `usuario_creacion_id`, `usuario_edicion_id`) VALUES(12, 'MENSUALIDAD DICIEMBRE', 1, '250.00', 1, '2020-03-29 06:00:00.000000', NULL, 1, 1, NULL);
INSERT INTO `ingresos_tipoingreso` (`id`, `descripcion`, `estatus`, `monto`, `tipo`, `fecha_creacion`, `fecha_edicion`, `borrado`, `usuario_creacion_id`, `usuario_edicion_id`) VALUES(13, 'DERECHO A P´LUMA', 1, '1000.00', 2, '2020-04-02 06:00:00.000000', NULL, 1, 1, NULL);
INSERT INTO `ingresos_tipoingreso` (`id`, `descripcion`, `estatus`, `monto`, `tipo`, `fecha_creacion`, `fecha_edicion`, `borrado`, `usuario_creacion_id`, `usuario_edicion_id`) VALUES(14, 'CONTROL', 1, '250.00', 2, '2020-04-02 06:00:00.000000', NULL, 1, 1, NULL);


INSERT INTO `ingresos_ingreso` (`id`, `fecha`, `monto`, `referencia`, `abono`, `descripcion`, `ejercicio`, `folio_recibo`, `estatus`, `fecha_creacion`, `fecha_edicion`, `borrado`, `colono_id`, `domicilio_id`, `tipo_ingreso_id`, `usuario_creacion_id`, `usuario_edicion_id`) VALUES(1, '2020-04-11 05:00:00.000000', '250.00', 'media/b.txt', 250, 'MENSUALIDAD JULIO 250.00 2020', 2020, NULL, 1, '2020-04-11 05:00:00.000000', NULL, 0, 146, 512, 7, 277, NULL);
INSERT INTO `ingresos_ingreso` (`id`, `fecha`, `monto`, `referencia`, `abono`, `descripcion`, `ejercicio`, `folio_recibo`, `estatus`, `fecha_creacion`, `fecha_edicion`, `borrado`, `colono_id`, `domicilio_id`, `tipo_ingreso_id`, `usuario_creacion_id`, `usuario_edicion_id`) VALUES(2, '2020-04-11 05:00:00.000000', '250.00', 'media/b.txt', 250, 'MENSUALIDAD FEBRERO 250.00 2020', 2020, NULL, 1, '2020-04-11 05:00:00.000000', NULL, 0, 146, 512, 2, 277, NULL);
INSERT INTO `ingresos_ingreso` (`id`, `fecha`, `monto`, `referencia`, `abono`, `descripcion`, `ejercicio`, `folio_recibo`, `estatus`, `fecha_creacion`, `fecha_edicion`, `borrado`, `colono_id`, `domicilio_id`, `tipo_ingreso_id`, `usuario_creacion_id`, `usuario_edicion_id`) VALUES(3, '2020-04-11 05:00:00.000000', '250.00', 'media/b.txt', 250, 'MENSUALIDAD MAYO 250.00 2020', 2020, NULL, 1, '2020-04-11 05:00:00.000000', NULL, 0, 146, 512, 5, 277, NULL);
INSERT INTO `ingresos_ingreso` (`id`, `fecha`, `monto`, `referencia`, `abono`, `descripcion`, `ejercicio`, `folio_recibo`, `estatus`, `fecha_creacion`, `fecha_edicion`, `borrado`, `colono_id`, `domicilio_id`, `tipo_ingreso_id`, `usuario_creacion_id`, `usuario_edicion_id`) VALUES(4, '2020-04-11 05:00:00.000000', '250.00', 'media/b.txt', 250, 'MENSUALIDAD MAYO 250.00 2020', 2020, NULL, 1, '2020-04-11 05:00:00.000000', NULL, 0, 146, 512, 5, 277, NULL);
INSERT INTO `ingresos_ingreso` (`id`, `fecha`, `monto`, `referencia`, `abono`, `descripcion`, `ejercicio`, `folio_recibo`, `estatus`, `fecha_creacion`, `fecha_edicion`, `borrado`, `colono_id`, `domicilio_id`, `tipo_ingreso_id`, `usuario_creacion_id`, `usuario_edicion_id`) VALUES(5, '2020-04-11 05:00:00.000000', '250.00', 'media/b.txt', 250, 'MENSUALIDAD MAYO 250.00 2020', 2020, NULL, 1, '2020-04-11 05:00:00.000000', NULL, 0, 146, 512, 5, 277, NULL);
INSERT INTO `ingresos_ingreso` (`id`, `fecha`, `monto`, `referencia`, `abono`, `descripcion`, `ejercicio`, `folio_recibo`, `estatus`, `fecha_creacion`, `fecha_edicion`, `borrado`, `colono_id`, `domicilio_id`, `tipo_ingreso_id`, `usuario_creacion_id`, `usuario_edicion_id`) VALUES(6, '2020-04-11 05:00:00.000000', '250.00', 'media/b.txt', 250, 'MENSUALIDAD MAYO 250.00 2020', 2020, NULL, 1, '2020-04-11 05:00:00.000000', NULL, 0, 146, 512, 5, 277, NULL);
INSERT INTO `ingresos_ingreso` (`id`, `fecha`, `monto`, `referencia`, `abono`, `descripcion`, `ejercicio`, `folio_recibo`, `estatus`, `fecha_creacion`, `fecha_edicion`, `borrado`, `colono_id`, `domicilio_id`, `tipo_ingreso_id`, `usuario_creacion_id`, `usuario_edicion_id`) VALUES(7, '2020-04-11 05:00:00.000000', '250.00', 'media/b.txt', 250, 'MENSUALIDAD MAYO 250.00 2020', 2020, NULL, 1, '2020-04-11 05:00:00.000000', NULL, 0, 146, 512, 5, 277, NULL);
INSERT INTO `ingresos_ingreso` (`id`, `fecha`, `monto`, `referencia`, `abono`, `descripcion`, `ejercicio`, `folio_recibo`, `estatus`, `fecha_creacion`, `fecha_edicion`, `borrado`, `colono_id`, `domicilio_id`, `tipo_ingreso_id`, `usuario_creacion_id`, `usuario_edicion_id`) VALUES(8, '2020-04-11 05:00:00.000000', '250.00', 'media/b.txt', 250, 'MENSUALIDAD MAYO 250.00 2020', 2020, NULL, 1, '2020-04-11 05:00:00.000000', NULL, 0, 146, 512, 5, 277, NULL);
INSERT INTO `ingresos_ingreso` (`id`, `fecha`, `monto`, `referencia`, `abono`, `descripcion`, `ejercicio`, `folio_recibo`, `estatus`, `fecha_creacion`, `fecha_edicion`, `borrado`, `colono_id`, `domicilio_id`, `tipo_ingreso_id`, `usuario_creacion_id`, `usuario_edicion_id`) VALUES(9, '2020-04-11 05:00:00.000000', '250.00', 'media/b.txt', 250, 'MENSUALIDAD MAYO 250.00 2020', 2020, NULL, 1, '2020-04-11 05:00:00.000000', NULL, 0, 146, 512, 5, 277, NULL);
INSERT INTO `ingresos_ingreso` (`id`, `fecha`, `monto`, `referencia`, `abono`, `descripcion`, `ejercicio`, `folio_recibo`, `estatus`, `fecha_creacion`, `fecha_edicion`, `borrado`, `colono_id`, `domicilio_id`, `tipo_ingreso_id`, `usuario_creacion_id`, `usuario_edicion_id`) VALUES(10, '2020-04-11 05:00:00.000000', '250.00', 'media/b.txt', 250, 'MENSUALIDAD MAYO 250.00 2020', 2020, NULL, 1, '2020-04-11 05:00:00.000000', NULL, 0, 146, 512, 5, 277, NULL);
INSERT INTO `ingresos_ingreso` (`id`, `fecha`, `monto`, `referencia`, `abono`, `descripcion`, `ejercicio`, `folio_recibo`, `estatus`, `fecha_creacion`, `fecha_edicion`, `borrado`, `colono_id`, `domicilio_id`, `tipo_ingreso_id`, `usuario_creacion_id`, `usuario_edicion_id`) VALUES(11, '2020-04-11 05:00:00.000000', '250.00', 'media/b.txt', 250, 'MENSUALIDAD MAYO 250.00 2020', 2020, NULL, 1, '2020-04-11 05:00:00.000000', NULL, 0, 146, 512, 5, 277, NULL);
INSERT INTO `ingresos_ingreso` (`id`, `fecha`, `monto`, `referencia`, `abono`, `descripcion`, `ejercicio`, `folio_recibo`, `estatus`, `fecha_creacion`, `fecha_edicion`, `borrado`, `colono_id`, `domicilio_id`, `tipo_ingreso_id`, `usuario_creacion_id`, `usuario_edicion_id`) VALUES(12, '2020-04-11 05:00:00.000000', '250.00', 'media/b.txt', 250, 'MENSUALIDAD MAYO 250.00 2020', 2020, NULL, 1, '2020-04-11 05:00:00.000000', NULL, 0, 146, 512, 5, 277, NULL);
INSERT INTO `ingresos_ingreso` (`id`, `fecha`, `monto`, `referencia`, `abono`, `descripcion`, `ejercicio`, `folio_recibo`, `estatus`, `fecha_creacion`, `fecha_edicion`, `borrado`, `colono_id`, `domicilio_id`, `tipo_ingreso_id`, `usuario_creacion_id`, `usuario_edicion_id`) VALUES(13, '2020-04-11 05:00:00.000000', '250.00', 'media/b.txt', 250, 'MENSUALIDAD MARZO 250.00 2020', 2020, NULL, 1, '2020-04-11 05:00:00.000000', NULL, 0, 153, 516, 3, 277, NULL);
INSERT INTO `ingresos_ingreso` (`id`, `fecha`, `monto`, `referencia`, `abono`, `descripcion`, `ejercicio`, `folio_recibo`, `estatus`, `fecha_creacion`, `fecha_edicion`, `borrado`, `colono_id`, `domicilio_id`, `tipo_ingreso_id`, `usuario_creacion_id`, `usuario_edicion_id`) VALUES(14, '2020-04-11 05:00:00.000000', '250.00', 'media/b.txt', 250, 'MENSUALIDAD DICIEMBRE 250.00 2020', 2020, NULL, 1, '2020-04-11 05:00:00.000000', NULL, 0, 154, 517, 12, 277, NULL);
INSERT INTO `ingresos_ingreso` (`id`, `fecha`, `monto`, `referencia`, `abono`, `descripcion`, `ejercicio`, `folio_recibo`, `estatus`, `fecha_creacion`, `fecha_edicion`, `borrado`, `colono_id`, `domicilio_id`, `tipo_ingreso_id`, `usuario_creacion_id`, `usuario_edicion_id`) VALUES(15, '2020-04-11 05:00:00.000000', '250.00', 'media/b.txt', 250, 'MENSUALIDAD DICIEMBRE 250.00 2020', 2020, NULL, 1, '2020-04-11 05:00:00.000000', NULL, 0, 154, 517, 12, 277, NULL);
INSERT INTO `ingresos_ingreso` (`id`, `fecha`, `monto`, `referencia`, `abono`, `descripcion`, `ejercicio`, `folio_recibo`, `estatus`, `fecha_creacion`, `fecha_edicion`, `borrado`, `colono_id`, `domicilio_id`, `tipo_ingreso_id`, `usuario_creacion_id`, `usuario_edicion_id`) VALUES(16, '2020-04-11 05:00:00.000000', '250.00', 'media/b.txt', 250, 'MENSUALIDAD DICIEMBRE 250.00 2020', 2020, NULL, 1, '2020-04-11 05:00:00.000000', NULL, 0, 154, 517, 12, 277, NULL);
INSERT INTO `ingresos_ingreso` (`id`, `fecha`, `monto`, `referencia`, `abono`, `descripcion`, `ejercicio`, `folio_recibo`, `estatus`, `fecha_creacion`, `fecha_edicion`, `borrado`, `colono_id`, `domicilio_id`, `tipo_ingreso_id`, `usuario_creacion_id`, `usuario_edicion_id`) VALUES(17, '2020-04-11 05:00:00.000000', '250.00', 'media/b.txt', 250, 'MENSUALIDAD ABRIL 250.00 2020', 2020, NULL, 1, '2020-04-11 05:00:00.000000', NULL, 0, 146, 512, 4, 277, NULL);
INSERT INTO `ingresos_ingreso` (`id`, `fecha`, `monto`, `referencia`, `abono`, `descripcion`, `ejercicio`, `folio_recibo`, `estatus`, `fecha_creacion`, `fecha_edicion`, `borrado`, `colono_id`, `domicilio_id`, `tipo_ingreso_id`, `usuario_creacion_id`, `usuario_edicion_id`) VALUES(18, '2020-04-11 05:00:00.000000', '250.00', 'media/b.txt', 250, 'MENSUALIDAD DE ENERO 250.00 2020', 2020, NULL, 1, '2020-04-11 05:00:00.000000', NULL, 0, 275, 434, 1, 277, NULL);
INSERT INTO `ingresos_ingreso` (`id`, `fecha`, `monto`, `referencia`, `abono`, `descripcion`, `ejercicio`, `folio_recibo`, `estatus`, `fecha_creacion`, `fecha_edicion`, `borrado`, `colono_id`, `domicilio_id`, `tipo_ingreso_id`, `usuario_creacion_id`, `usuario_edicion_id`) VALUES(19, '2020-04-11 05:00:00.000000', '250.00', 'media/b.txt', 250, 'MENSUALIDAD FEBRERO 250.00 2020', 2020, NULL, 1, '2020-04-11 05:00:00.000000', NULL, 0, 150, 514, 2, 277, NULL);
INSERT INTO `ingresos_ingreso` (`id`, `fecha`, `monto`, `referencia`, `abono`, `descripcion`, `ejercicio`, `folio_recibo`, `estatus`, `fecha_creacion`, `fecha_edicion`, `borrado`, `colono_id`, `domicilio_id`, `tipo_ingreso_id`, `usuario_creacion_id`, `usuario_edicion_id`) VALUES(20, '2020-04-11 05:00:00.000000', '250.00', 'media/b.txt', 250, 'MENSUALIDAD FEBRERO 250.00 2020', 2020, NULL, 1, '2020-04-11 05:00:00.000000', NULL, 0, 150, 514, 2, 277, NULL);
INSERT INTO `ingresos_ingreso` (`id`, `fecha`, `monto`, `referencia`, `abono`, `descripcion`, `ejercicio`, `folio_recibo`, `estatus`, `fecha_creacion`, `fecha_edicion`, `borrado`, `colono_id`, `domicilio_id`, `tipo_ingreso_id`, `usuario_creacion_id`, `usuario_edicion_id`) VALUES(21, '2020-04-11 05:00:00.000000', '250.00', 'media/b.txt', 250, 'MENSUALIDAD NOVIEMBRE 250.00 2020', 2020, NULL, 1, '2020-04-11 05:00:00.000000', NULL, 0, 153, 516, 11, 277, NULL);
INSERT INTO `ingresos_ingreso` (`id`, `fecha`, `monto`, `referencia`, `abono`, `descripcion`, `ejercicio`, `folio_recibo`, `estatus`, `fecha_creacion`, `fecha_edicion`, `borrado`, `colono_id`, `domicilio_id`, `tipo_ingreso_id`, `usuario_creacion_id`, `usuario_edicion_id`) VALUES(22, '2020-04-11 05:00:00.000000', '250.00', 'media/b.txt', 250, 'MENSUALIDAD JULIO 250.00 2020', 2020, NULL, 1, '2020-04-11 05:00:00.000000', NULL, 0, 148, 513, 7, 277, NULL);
INSERT INTO `ingresos_ingreso` (`id`, `fecha`, `monto`, `referencia`, `abono`, `descripcion`, `ejercicio`, `folio_recibo`, `estatus`, `fecha_creacion`, `fecha_edicion`, `borrado`, `colono_id`, `domicilio_id`, `tipo_ingreso_id`, `usuario_creacion_id`, `usuario_edicion_id`) VALUES(23, '2020-04-11 05:00:00.000000', '250.00', 'media/b.txt', 250, 'MENSUALIDAD JULIO 250.00 2020', 2020, NULL, 1, '2020-04-11 05:00:00.000000', NULL, 0, 148, 513, 7, 277, NULL);
INSERT INTO `ingresos_ingreso` (`id`, `fecha`, `monto`, `referencia`, `abono`, `descripcion`, `ejercicio`, `folio_recibo`, `estatus`, `fecha_creacion`, `fecha_edicion`, `borrado`, `colono_id`, `domicilio_id`, `tipo_ingreso_id`, `usuario_creacion_id`, `usuario_edicion_id`) VALUES(24, '2020-04-11 05:00:00.000000', '250.00', 'media/b.txt', 250, 'MENSUALIDAD SEPTIEMBRE 250.00 2020', 2020, NULL, 1, '2020-04-11 05:00:00.000000', NULL, 0, 149, 514, 9, 277, NULL);
INSERT INTO `ingresos_ingreso` (`id`, `fecha`, `monto`, `referencia`, `abono`, `descripcion`, `ejercicio`, `folio_recibo`, `estatus`, `fecha_creacion`, `fecha_edicion`, `borrado`, `colono_id`, `domicilio_id`, `tipo_ingreso_id`, `usuario_creacion_id`, `usuario_edicion_id`) VALUES(25, '2020-04-11 05:00:00.000000', '250.00', 'media/b.txt', 250, 'MENSUALIDAD SEPTIEMBRE 250.00 2020', 2020, NULL, 1, '2020-04-11 05:00:00.000000', NULL, 0, 149, 514, 9, 277, NULL);
INSERT INTO `ingresos_ingreso` (`id`, `fecha`, `monto`, `referencia`, `abono`, `descripcion`, `ejercicio`, `folio_recibo`, `estatus`, `fecha_creacion`, `fecha_edicion`, `borrado`, `colono_id`, `domicilio_id`, `tipo_ingreso_id`, `usuario_creacion_id`, `usuario_edicion_id`) VALUES(26, '2020-04-11 05:00:00.000000', '250.00', 'media/b.txt', 250, 'MENSUALIDAD MARZO 250.00 2020', 2020, NULL, 1, '2020-04-11 05:00:00.000000', NULL, 0, 153, 516, 3, 277, NULL);
INSERT INTO `ingresos_ingreso` (`id`, `fecha`, `monto`, `referencia`, `abono`, `descripcion`, `ejercicio`, `folio_recibo`, `estatus`, `fecha_creacion`, `fecha_edicion`, `borrado`, `colono_id`, `domicilio_id`, `tipo_ingreso_id`, `usuario_creacion_id`, `usuario_edicion_id`) VALUES(27, '2020-04-11 05:00:00.000000', '250.00', 'media/b.txt', 250, 'MENSUALIDAD MARZO 250.00 2020', 2020, NULL, 1, '2020-04-11 05:00:00.000000', NULL, 0, 153, 516, 3, 277, NULL);
INSERT INTO `ingresos_ingreso` (`id`, `fecha`, `monto`, `referencia`, `abono`, `descripcion`, `ejercicio`, `folio_recibo`, `estatus`, `fecha_creacion`, `fecha_edicion`, `borrado`, `colono_id`, `domicilio_id`, `tipo_ingreso_id`, `usuario_creacion_id`, `usuario_edicion_id`) VALUES(28, '2020-04-11 05:00:00.000000', '250.00', 'media/b.txt', 250, 'MENSUALIDAD ABRIL 250.00 2020', 2020, NULL, 1, '2020-04-11 05:00:00.000000', NULL, 0, 150, 514, 4, 277, NULL);
INSERT INTO `ingresos_ingreso` (`id`, `fecha`, `monto`, `referencia`, `abono`, `descripcion`, `ejercicio`, `folio_recibo`, `estatus`, `fecha_creacion`, `fecha_edicion`, `borrado`, `colono_id`, `domicilio_id`, `tipo_ingreso_id`, `usuario_creacion_id`, `usuario_edicion_id`) VALUES(29, '2020-04-11 05:00:00.000000', '250.00', 'media/b.txt', 250, 'MENSUALIDAD ABRIL 250.00 2020', 2020, NULL, 1, '2020-04-11 05:00:00.000000', NULL, 0, 155, 518, 4, 277, NULL);
INSERT INTO `ingresos_ingreso` (`id`, `fecha`, `monto`, `referencia`, `abono`, `descripcion`, `ejercicio`, `folio_recibo`, `estatus`, `fecha_creacion`, `fecha_edicion`, `borrado`, `colono_id`, `domicilio_id`, `tipo_ingreso_id`, `usuario_creacion_id`, `usuario_edicion_id`) VALUES(30, '2020-04-11 05:00:00.000000', '250.00', 'media/b.txt', 250, 'MENSUALIDAD MARZO 250.00 2020', 2020, NULL, 1, '2020-04-11 05:00:00.000000', NULL, 0, 152, 515, 3, 277, NULL);
INSERT INTO `ingresos_ingreso` (`id`, `fecha`, `monto`, `referencia`, `abono`, `descripcion`, `ejercicio`, `folio_recibo`, `estatus`, `fecha_creacion`, `fecha_edicion`, `borrado`, `colono_id`, `domicilio_id`, `tipo_ingreso_id`, `usuario_creacion_id`, `usuario_edicion_id`) VALUES(31, '2020-04-11 05:00:00.000000', '250.00', 'media/b.txt', 250, 'MENSUALIDAD FEBRERO 250.00 2020', 2020, NULL, 1, '2020-04-11 05:00:00.000000', NULL, 0, 148, 515, 2, 277, NULL);
INSERT INTO `ingresos_ingreso` (`id`, `fecha`, `monto`, `referencia`, `abono`, `descripcion`, `ejercicio`, `folio_recibo`, `estatus`, `fecha_creacion`, `fecha_edicion`, `borrado`, `colono_id`, `domicilio_id`, `tipo_ingreso_id`, `usuario_creacion_id`, `usuario_edicion_id`) VALUES(32, '2020-04-11 05:00:00.000000', '250.00', 'media/b.txt', 250, 'MENSUALIDAD MAYO 250.00 2020', 2020, NULL, 1, '2020-04-11 05:00:00.000000', NULL, 0, 150, 514, 5, 277, NULL);
INSERT INTO `ingresos_ingreso` (`id`, `fecha`, `monto`, `referencia`, `abono`, `descripcion`, `ejercicio`, `folio_recibo`, `estatus`, `fecha_creacion`, `fecha_edicion`, `borrado`, `colono_id`, `domicilio_id`, `tipo_ingreso_id`, `usuario_creacion_id`, `usuario_edicion_id`) VALUES(33, '2020-04-11 05:00:00.000000', '250.00', 'media/b.txt', 250, 'MENSUALIDAD ABRIL 250.00 2020', 2020, NULL, 1, '2020-04-11 05:00:00.000000', NULL, 0, 157, 520, 4, 277, NULL);
INSERT INTO `ingresos_ingreso` (`id`, `fecha`, `monto`, `referencia`, `abono`, `descripcion`, `ejercicio`, `folio_recibo`, `estatus`, `fecha_creacion`, `fecha_edicion`, `borrado`, `colono_id`, `domicilio_id`, `tipo_ingreso_id`, `usuario_creacion_id`, `usuario_edicion_id`) VALUES(34, '2020-04-11 05:00:00.000000', '250.00', 'media/b.txt', 250, 'MENSUALIDAD SEPTIEMBRE 250.00 2020', 2020, NULL, 1, '2020-04-11 05:00:00.000000', NULL, 0, 148, 513, 9, 277, NULL);
INSERT INTO `ingresos_ingreso` (`id`, `fecha`, `monto`, `referencia`, `abono`, `descripcion`, `ejercicio`, `folio_recibo`, `estatus`, `fecha_creacion`, `fecha_edicion`, `borrado`, `colono_id`, `domicilio_id`, `tipo_ingreso_id`, `usuario_creacion_id`, `usuario_edicion_id`) VALUES(35, '2020-04-11 05:00:00.000000', '250.00', 'media/b.txt', 250, 'MENSUALIDAD AGOSTO 250.00 2020', 2020, NULL, 1, '2020-04-11 05:00:00.000000', NULL, 0, 149, 514, 8, 277, NULL);

INSERT INTO `egresos_tipoegreso` (`id`, `concepto`, `estatus`, `monto`, `fecha_creacion`, `fecha_edicion`, `borrado`, `usuario_creacion_id`, `usuario_edicion_id`) VALUES(1, 'PAGO EMPRESA SEGURIDAD', 1, '14200.00', '2020-03-29 06:00:00.000000', NULL, 0, 1, NULL);
INSERT INTO `egresos_tipoegreso` (`id`, `concepto`, `estatus`, `monto`, `fecha_creacion`, `fecha_edicion`, `borrado`, `usuario_creacion_id`, `usuario_edicion_id`) VALUES(2, 'GASTOS DE CASETA', 1, '100.00', '2020-03-29 06:00:00.000000', NULL, 0, 1, NULL);
INSERT INTO `egresos_tipoegreso` (`id`, `concepto`, `estatus`, `monto`, `fecha_creacion`, `fecha_edicion`, `borrado`, `usuario_creacion_id`, `usuario_edicion_id`) VALUES(3, 'RECOLECCIÓN DE BASURA', 1, '800.00', '2020-03-29 06:00:00.000000', NULL, 0, 1, NULL);
INSERT INTO `egresos_tipoegreso` (`id`, `concepto`, `estatus`, `monto`, `fecha_creacion`, `fecha_edicion`, `borrado`, `usuario_creacion_id`, `usuario_edicion_id`) VALUES(4, 'PAQUETE TELCEL', 1, '100.00', '2020-03-29 06:00:00.000000', NULL, 0, 1, NULL);
INSERT INTO `egresos_tipoegreso` (`id`, `concepto`, `estatus`, `monto`, `fecha_creacion`, `fecha_edicion`, `borrado`, `usuario_creacion_id`, `usuario_edicion_id`) VALUES(5, 'MANTENIMIENTO', 1, '1000.00', '2020-03-29 06:00:00.000000', NULL, 0, 1, NULL);

INSERT INTO `egresos_egreso` (`id`, `monto`, `fecha`, `referencia`, `descripcion`, `ejercicio`, `folio_recibo`, `fecha_creacion`, `fecha_edicion`, `estatus`, `tipo_egreso_id`, `tipo_ingreso_id`, `usuario_creacion_id`, `usuario_edicion_id`) VALUES(1, '76.00', '2018-03-01', 'egresos/NuevoEgreso.png', '4 GARRAFONES AGUA CASETA', 2019, 44, '2020-03-29 06:00:00.000000', NULL, 1, 2, 3, 1, NULL);
INSERT INTO `egresos_egreso` (`id`, `monto`, `fecha`, `referencia`, `descripcion`, `ejercicio`, `folio_recibo`, `fecha_creacion`, `fecha_edicion`, `estatus`, `tipo_egreso_id`, `tipo_ingreso_id`, `usuario_creacion_id`, `usuario_edicion_id`) VALUES(2, '100.00', '2018-03-01', 'EGRESOS/NUEVOEGRESO.PNG', 'ABONO PAQUETE TELCEL', 2019, 45, '2020-03-29 06:00:00.000000', NULL, 1, 4, 3, 1, NULL);
INSERT INTO `egresos_egreso` (`id`, `monto`, `fecha`, `referencia`, `descripcion`, `ejercicio`, `folio_recibo`, `fecha_creacion`, `fecha_edicion`, `estatus`, `tipo_egreso_id`, `tipo_ingreso_id`, `usuario_creacion_id`, `usuario_edicion_id`) VALUES(3, '58.83', '2018-03-01', 'EGRESOS/NUEVOEGRESO.PNG', 'BOLIGRAFOS Y LIBRETA', 2019, 46, '2020-03-29 06:00:00.000000', NULL, 1, 2, 3, 1, NULL);
INSERT INTO `egresos_egreso` (`id`, `monto`, `fecha`, `referencia`, `descripcion`, `ejercicio`, `folio_recibo`, `fecha_creacion`, `fecha_edicion`, `estatus`, `tipo_egreso_id`, `tipo_ingreso_id`, `usuario_creacion_id`, `usuario_edicion_id`) VALUES(4, '500.00', '2018-03-01', 'EGRESOS/NUEVOEGRESO.PNG', 'INSTALACION LUZ LED LOGO PRIVADA', 2019, 47, '2020-03-29 06:00:00.000000', NULL, 1, 5, 3, 1, NULL);
INSERT INTO `egresos_egreso` (`id`, `monto`, `fecha`, `referencia`, `descripcion`, `ejercicio`, `folio_recibo`, `fecha_creacion`, `fecha_edicion`, `estatus`, `tipo_egreso_id`, `tipo_ingreso_id`, `usuario_creacion_id`, `usuario_edicion_id`) VALUES(5, '500.00', '2018-03-01', 'EGRESOS/NUEVOEGRESO.PNG', 'MATERIAL ELECTRICO LUZ LED', 2019, 48, '2020-03-29 06:00:00.000000', NULL, 1, 5, 3, 1, NULL);
INSERT INTO `egresos_egreso` (`id`, `monto`, `fecha`, `referencia`, `descripcion`, `ejercicio`, `folio_recibo`, `fecha_creacion`, `fecha_edicion`, `estatus`, `tipo_egreso_id`, `tipo_ingreso_id`, `usuario_creacion_id`, `usuario_edicion_id`) VALUES(6, '14200.00', '2018-03-01', 'EGRESOS/NUEVOEGRESO.PNG', 'PAGO EMPRESA SEGURIDAD MARZO', 2019, 49, '2020-03-29 06:00:00.000000', NULL, 1, 1, 3, 1, NULL);
INSERT INTO `egresos_egreso` (`id`, `monto`, `fecha`, `referencia`, `descripcion`, `ejercicio`, `folio_recibo`, `fecha_creacion`, `fecha_edicion`, `estatus`, `tipo_egreso_id`, `tipo_ingreso_id`, `usuario_creacion_id`, `usuario_edicion_id`) VALUES(7, '800.00', '2018-03-01', 'EGRESOS/NUEVOEGRESO.PNG', 'RECOLECCIÓN DE BASURA MARZO', 2019, 50, '2020-03-29 06:00:00.000000', NULL, 1, 3, 3, 1, NULL);
INSERT INTO `egresos_egreso` (`id`, `monto`, `fecha`, `referencia`, `descripcion`, `ejercicio`, `folio_recibo`, `fecha_creacion`, `fecha_edicion`, `estatus`, `tipo_egreso_id`, `tipo_ingreso_id`, `usuario_creacion_id`, `usuario_edicion_id`) VALUES(8, '324.00', '2018-03-01', 'EGRESOS/NUEVOEGRESO.PNG', 'SERVICIO DE AGUA POTABLE CASETA MARZO', 2019, 51, '2020-03-29 06:00:00.000000', NULL, 1, 2, 3, 1, NULL);
INSERT INTO `egresos_egreso` (`id`, `monto`, `fecha`, `referencia`, `descripcion`, `ejercicio`, `folio_recibo`, `fecha_creacion`, `fecha_edicion`, `estatus`, `tipo_egreso_id`, `tipo_ingreso_id`, `usuario_creacion_id`, `usuario_edicion_id`) VALUES(9, '500.00', '2019-04-01', 'EGRESOS/NUEVOEGRESO.PNG', '1 CAJA DINERO', 2019, 52, '2020-03-29 06:00:00.000000', NULL, 1, 5, 4, 1, NULL);
INSERT INTO `egresos_egreso` (`id`, `monto`, `fecha`, `referencia`, `descripcion`, `ejercicio`, `folio_recibo`, `fecha_creacion`, `fecha_edicion`, `estatus`, `tipo_egreso_id`, `tipo_ingreso_id`, `usuario_creacion_id`, `usuario_edicion_id`) VALUES(10, '281.90', '2019-04-01', 'EGRESOS/NUEVOEGRESO.PNG', 'ARTICULOS LIMPIEZA CASETA', 2019, 53, '2020-03-29 06:00:00.000000', NULL, 1, 2, 4, 1, NULL);
INSERT INTO `egresos_egreso` (`id`, `monto`, `fecha`, `referencia`, `descripcion`, `ejercicio`, `folio_recibo`, `fecha_creacion`, `fecha_edicion`, `estatus`, `tipo_egreso_id`, `tipo_ingreso_id`, `usuario_creacion_id`, `usuario_edicion_id`) VALUES(11, '14200.00', '2019-04-01', 'EGRESOS/NUEVOEGRESO.PNG', 'PAGO EMPRESA SEGURIDAD ABRIL', 2019, 54, '2020-03-29 06:00:00.000000', NULL, 1, 1, 4, 1, NULL);
INSERT INTO `egresos_egreso` (`id`, `monto`, `fecha`, `referencia`, `descripcion`, `ejercicio`, `folio_recibo`, `fecha_creacion`, `fecha_edicion`, `estatus`, `tipo_egreso_id`, `tipo_ingreso_id`, `usuario_creacion_id`, `usuario_edicion_id`) VALUES(12, '800.00', '2019-04-01', 'EGRESOS/NUEVOEGRESO.PNG', 'RECOLECCIÓN DE BASURA ABRIL', 2019, 55, '2020-03-29 06:00:00.000000', NULL, 1, 3, 4, 1, NULL);
INSERT INTO `egresos_egreso` (`id`, `monto`, `fecha`, `referencia`, `descripcion`, `ejercicio`, `folio_recibo`, `fecha_creacion`, `fecha_edicion`, `estatus`, `tipo_egreso_id`, `tipo_ingreso_id`, `usuario_creacion_id`, `usuario_edicion_id`) VALUES(13, '324.00', '2019-04-01', 'EGRESOS/NUEVOEGRESO.PNG', 'SERVICIO DE AGUA POTABLE CASETA ABRIL', 2019, 56, '2020-03-29 06:00:00.000000', NULL, 1, 2, 4, 1, NULL);
INSERT INTO `egresos_egreso` (`id`, `monto`, `fecha`, `referencia`, `descripcion`, `ejercicio`, `folio_recibo`, `fecha_creacion`, `fecha_edicion`, `estatus`, `tipo_egreso_id`, `tipo_ingreso_id`, `usuario_creacion_id`, `usuario_edicion_id`) VALUES(14, '76.00', '2019-05-01', 'EGRESOS/NUEVOEGRESO.PNG', '4 GARRAFONES AGUA CASETA', 2019, 57, '2020-03-29 06:00:00.000000', NULL, 1, 2, 5, 1, NULL);
INSERT INTO `egresos_egreso` (`id`, `monto`, `fecha`, `referencia`, `descripcion`, `ejercicio`, `folio_recibo`, `fecha_creacion`, `fecha_edicion`, `estatus`, `tipo_egreso_id`, `tipo_ingreso_id`, `usuario_creacion_id`, `usuario_edicion_id`) VALUES(15, '100.00', '2019-05-01', 'EGRESOS/NUEVOEGRESO.PNG', 'ABONO PAQUETE TELCEL', 2019, 58, '2020-03-29 06:00:00.000000', NULL, 1, 4, 5, 1, NULL);
INSERT INTO `egresos_egreso` (`id`, `monto`, `fecha`, `referencia`, `descripcion`, `ejercicio`, `folio_recibo`, `fecha_creacion`, `fecha_edicion`, `estatus`, `tipo_egreso_id`, `tipo_ingreso_id`, `usuario_creacion_id`, `usuario_edicion_id`) VALUES(16, '714.00', '2019-05-01', 'EGRESOS/NUEVOEGRESO.PNG', 'ARTICULOS LIMPIEZA CASETA', 2019, 59, '2020-03-29 06:00:00.000000', NULL, 1, 2, 5, 1, NULL);
INSERT INTO `egresos_egreso` (`id`, `monto`, `fecha`, `referencia`, `descripcion`, `ejercicio`, `folio_recibo`, `fecha_creacion`, `fecha_edicion`, `estatus`, `tipo_egreso_id`, `tipo_ingreso_id`, `usuario_creacion_id`, `usuario_edicion_id`) VALUES(17, '469.78', '2019-05-01', 'EGRESOS/NUEVOEGRESO.PNG', 'CABLE LUZ LED', 2019, 60, '2020-03-29 06:00:00.000000', NULL, 1, 5, 5, 1, NULL);
INSERT INTO `egresos_egreso` (`id`, `monto`, `fecha`, `referencia`, `descripcion`, `ejercicio`, `folio_recibo`, `fecha_creacion`, `fecha_edicion`, `estatus`, `tipo_egreso_id`, `tipo_ingreso_id`, `usuario_creacion_id`, `usuario_edicion_id`) VALUES(18, '14200.00', '2019-05-01', 'EGRESOS/NUEVOEGRESO.PNG', 'PAGO EMPRESA SEGURIDAD MAYO', 2019, 61, '2020-03-29 06:00:00.000000', NULL, 1, 1, 5, 1, NULL);
INSERT INTO `egresos_egreso` (`id`, `monto`, `fecha`, `referencia`, `descripcion`, `ejercicio`, `folio_recibo`, `fecha_creacion`, `fecha_edicion`, `estatus`, `tipo_egreso_id`, `tipo_ingreso_id`, `usuario_creacion_id`, `usuario_edicion_id`) VALUES(19, '800.00', '2019-05-01', 'EGRESOS/NUEVOEGRESO.PNG', 'RECOLECCIÓN DE BASURA MAYO', 2019, 62, '2020-03-29 06:00:00.000000', NULL, 1, 3, 5, 1, NULL);
INSERT INTO `egresos_egreso` (`id`, `monto`, `fecha`, `referencia`, `descripcion`, `ejercicio`, `folio_recibo`, `fecha_creacion`, `fecha_edicion`, `estatus`, `tipo_egreso_id`, `tipo_ingreso_id`, `usuario_creacion_id`, `usuario_edicion_id`) VALUES(20, '2080.00', '2019-05-01', 'EGRESOS/NUEVOEGRESO.PNG', 'SEÑALETICA', 2019, 63, '2020-03-29 06:00:00.000000', NULL, 1, 5, 5, 1, NULL);
INSERT INTO `egresos_egreso` (`id`, `monto`, `fecha`, `referencia`, `descripcion`, `ejercicio`, `folio_recibo`, `fecha_creacion`, `fecha_edicion`, `estatus`, `tipo_egreso_id`, `tipo_ingreso_id`, `usuario_creacion_id`, `usuario_edicion_id`) VALUES(21, '229.00', '2019-05-01', 'EGRESOS/NUEVOEGRESO.PNG', 'SERVICIO DE AGUA POTABLE CASETA MAYO', 2019, 64, '2020-03-29 06:00:00.000000', NULL, 1, 2, 5, 1, NULL);
INSERT INTO `egresos_egreso` (`id`, `monto`, `fecha`, `referencia`, `descripcion`, `ejercicio`, `folio_recibo`, `fecha_creacion`, `fecha_edicion`, `estatus`, `tipo_egreso_id`, `tipo_ingreso_id`, `usuario_creacion_id`, `usuario_edicion_id`) VALUES(22, '102.00', '2019-06-01', 'EGRESOS/NUEVOEGRESO.PNG', '102 IMPRESIONES', 2019, 65, '2020-03-29 06:00:00.000000', NULL, 1, 2, 6, 1, NULL);
INSERT INTO `egresos_egreso` (`id`, `monto`, `fecha`, `referencia`, `descripcion`, `ejercicio`, `folio_recibo`, `fecha_creacion`, `fecha_edicion`, `estatus`, `tipo_egreso_id`, `tipo_ingreso_id`, `usuario_creacion_id`, `usuario_edicion_id`) VALUES(23, '80.00', '2019-06-01', 'EGRESOS/NUEVOEGRESO.PNG', '4 CANDADOS', 2019, 66, '2020-03-29 06:00:00.000000', NULL, 1, 2, 6, 1, NULL);
INSERT INTO `egresos_egreso` (`id`, `monto`, `fecha`, `referencia`, `descripcion`, `ejercicio`, `folio_recibo`, `fecha_creacion`, `fecha_edicion`, `estatus`, `tipo_egreso_id`, `tipo_ingreso_id`, `usuario_creacion_id`, `usuario_edicion_id`) VALUES(24, '76.00', '2019-06-01', 'EGRESOS/NUEVOEGRESO.PNG', '4 GARRAFONES AGUA CASETA', 2019, 67, '2020-03-29 06:00:00.000000', NULL, 1, 2, 6, 1, NULL);
INSERT INTO `egresos_egreso` (`id`, `monto`, `fecha`, `referencia`, `descripcion`, `ejercicio`, `folio_recibo`, `fecha_creacion`, `fecha_edicion`, `estatus`, `tipo_egreso_id`, `tipo_ingreso_id`, `usuario_creacion_id`, `usuario_edicion_id`) VALUES(25, '119.00', '2019-06-01', 'EGRESOS/NUEVOEGRESO.PNG', 'AEROSOL', 2019, 68, '2020-03-29 06:00:00.000000', NULL, 1, 5, 6, 1, NULL);
INSERT INTO `egresos_egreso` (`id`, `monto`, `fecha`, `referencia`, `descripcion`, `ejercicio`, `folio_recibo`, `fecha_creacion`, `fecha_edicion`, `estatus`, `tipo_egreso_id`, `tipo_ingreso_id`, `usuario_creacion_id`, `usuario_edicion_id`) VALUES(26, '47.00', '2019-06-01', 'EGRESOS/NUEVOEGRESO.PNG', 'AEROSOL', 2019, 69, '2020-03-29 06:00:00.000000', NULL, 1, 5, 6, 1, NULL);
INSERT INTO `egresos_egreso` (`id`, `monto`, `fecha`, `referencia`, `descripcion`, `ejercicio`, `folio_recibo`, `fecha_creacion`, `fecha_edicion`, `estatus`, `tipo_egreso_id`, `tipo_ingreso_id`, `usuario_creacion_id`, `usuario_edicion_id`) VALUES(27, '80.00', '2019-06-01', 'EGRESOS/NUEVOEGRESO.PNG', 'AEROSOL CINTA', 2019, 70, '2020-03-29 06:00:00.000000', NULL, 1, 5, 6, 1, NULL);
INSERT INTO `egresos_egreso` (`id`, `monto`, `fecha`, `referencia`, `descripcion`, `ejercicio`, `folio_recibo`, `fecha_creacion`, `fecha_edicion`, `estatus`, `tipo_egreso_id`, `tipo_ingreso_id`, `usuario_creacion_id`, `usuario_edicion_id`) VALUES(28, '291.00', '2019-06-01', 'EGRESOS/NUEVOEGRESO.PNG', 'ARTICULOS LIMPIEZA CASETA', 2019, 71, '2020-03-29 06:00:00.000000', NULL, 1, 2, 6, 1, NULL);
INSERT INTO `egresos_egreso` (`id`, `monto`, `fecha`, `referencia`, `descripcion`, `ejercicio`, `folio_recibo`, `fecha_creacion`, `fecha_edicion`, `estatus`, `tipo_egreso_id`, `tipo_ingreso_id`, `usuario_creacion_id`, `usuario_edicion_id`) VALUES(29, '5098.00', '2019-06-01', 'EGRESOS/NUEVOEGRESO.PNG', 'FRIGOBAR  Y  SILLA', 2019, 72, '2020-03-29 06:00:00.000000', NULL, 1, 5, 6, 1, NULL);
INSERT INTO `egresos_egreso` (`id`, `monto`, `fecha`, `referencia`, `descripcion`, `ejercicio`, `folio_recibo`, `fecha_creacion`, `fecha_edicion`, `estatus`, `tipo_egreso_id`, `tipo_ingreso_id`, `usuario_creacion_id`, `usuario_edicion_id`) VALUES(30, '47.96', '2019-06-01', 'EGRESOS/NUEVOEGRESO.PNG', 'HULE CONTACT', 2019, 73, '2020-03-29 06:00:00.000000', NULL, 1, 5, 6, 1, NULL);
INSERT INTO `egresos_egreso` (`id`, `monto`, `fecha`, `referencia`, `descripcion`, `ejercicio`, `folio_recibo`, `fecha_creacion`, `fecha_edicion`, `estatus`, `tipo_egreso_id`, `tipo_ingreso_id`, `usuario_creacion_id`, `usuario_edicion_id`) VALUES(31, '2800.00', '2019-06-01', 'EGRESOS/NUEVOEGRESO.PNG', 'LOCKER', 2019, 74, '2020-03-29 06:00:00.000000', NULL, 1, 5, 6, 1, NULL);
INSERT INTO `egresos_egreso` (`id`, `monto`, `fecha`, `referencia`, `descripcion`, `ejercicio`, `folio_recibo`, `fecha_creacion`, `fecha_edicion`, `estatus`, `tipo_egreso_id`, `tipo_ingreso_id`, `usuario_creacion_id`, `usuario_edicion_id`) VALUES(32, '100.00', '2019-06-01', 'EGRESOS/NUEVOEGRESO.PNG', 'MATERIAL PLOMERIA CASETA', 2019, 75, '2020-03-29 06:00:00.000000', NULL, 1, 2, 6, 1, NULL);
INSERT INTO `egresos_egreso` (`id`, `monto`, `fecha`, `referencia`, `descripcion`, `ejercicio`, `folio_recibo`, `fecha_creacion`, `fecha_edicion`, `estatus`, `tipo_egreso_id`, `tipo_ingreso_id`, `usuario_creacion_id`, `usuario_edicion_id`) VALUES(33, '14200.00', '2019-06-01', 'EGRESOS/NUEVOEGRESO.PNG', 'PAGO EMPRESA SEGURIDAD JUNIO', 2019, 76, '2020-03-29 06:00:00.000000', NULL, 1, 1, 6, 1, NULL);
INSERT INTO `egresos_egreso` (`id`, `monto`, `fecha`, `referencia`, `descripcion`, `ejercicio`, `folio_recibo`, `fecha_creacion`, `fecha_edicion`, `estatus`, `tipo_egreso_id`, `tipo_ingreso_id`, `usuario_creacion_id`, `usuario_edicion_id`) VALUES(34, '439.00', '2019-06-01', 'EGRESOS/NUEVOEGRESO.PNG', 'PARRILLA ELECTRICA', 2019, 77, '2020-03-29 06:00:00.000000', NULL, 1, 5, 6, 1, NULL);
INSERT INTO `egresos_egreso` (`id`, `monto`, `fecha`, `referencia`, `descripcion`, `ejercicio`, `folio_recibo`, `fecha_creacion`, `fecha_edicion`, `estatus`, `tipo_egreso_id`, `tipo_ingreso_id`, `usuario_creacion_id`, `usuario_edicion_id`) VALUES(35, '800.00', '2019-06-01', 'EGRESOS/NUEVOEGRESO.PNG', 'RECOLECCIÓN DE BASURA JUNIO', 2019, 78, '2020-03-29 06:00:00.000000', NULL, 1, 3, 6, 1, NULL);
INSERT INTO `egresos_egreso` (`id`, `monto`, `fecha`, `referencia`, `descripcion`, `ejercicio`, `folio_recibo`, `fecha_creacion`, `fecha_edicion`, `estatus`, `tipo_egreso_id`, `tipo_ingreso_id`, `usuario_creacion_id`, `usuario_edicion_id`) VALUES(36, '362.00', '2019-06-01', 'EGRESOS/NUEVOEGRESO.PNG', 'RELOJ  Y  MULTI Y EXT', 2019, 79, '2020-03-29 06:00:00.000000', NULL, 1, 5, 6, 1, NULL);
INSERT INTO `egresos_egreso` (`id`, `monto`, `fecha`, `referencia`, `descripcion`, `ejercicio`, `folio_recibo`, `fecha_creacion`, `fecha_edicion`, `estatus`, `tipo_egreso_id`, `tipo_ingreso_id`, `usuario_creacion_id`, `usuario_edicion_id`) VALUES(37, '250.00', '2019-06-01', 'EGRESOS/NUEVOEGRESO.PNG', 'REPARACION TOMA AGUA CASETA', 2019, 80, '2020-03-29 06:00:00.000000', NULL, 1, 2, 6, 1, NULL);
INSERT INTO `egresos_egreso` (`id`, `monto`, `fecha`, `referencia`, `descripcion`, `ejercicio`, `folio_recibo`, `fecha_creacion`, `fecha_edicion`, `estatus`, `tipo_egreso_id`, `tipo_ingreso_id`, `usuario_creacion_id`, `usuario_edicion_id`) VALUES(38, '530.00', '2019-06-01', 'EGRESOS/NUEVOEGRESO.PNG', 'SENSOR', 2019, 81, '2020-03-29 06:00:00.000000', NULL, 1, 5, 6, 1, NULL);
INSERT INTO `egresos_egreso` (`id`, `monto`, `fecha`, `referencia`, `descripcion`, `ejercicio`, `folio_recibo`, `fecha_creacion`, `fecha_edicion`, `estatus`, `tipo_egreso_id`, `tipo_ingreso_id`, `usuario_creacion_id`, `usuario_edicion_id`) VALUES(39, '229.00', '2019-06-01', 'EGRESOS/NUEVOEGRESO.PNG', 'SERVICIO DE AGUA POTABLE CASETA JUNIO', 2019, 82, '2020-03-29 06:00:00.000000', NULL, 1, 2, 6, 1, NULL);
INSERT INTO `egresos_egreso` (`id`, `monto`, `fecha`, `referencia`, `descripcion`, `ejercicio`, `folio_recibo`, `fecha_creacion`, `fecha_edicion`, `estatus`, `tipo_egreso_id`, `tipo_ingreso_id`, `usuario_creacion_id`, `usuario_edicion_id`) VALUES(40, '100.00', '2019-07-01', 'EGRESOS/NUEVOEGRESO.PNG', 'ABONO PAQUETE TELCEL', 2019, 83, '2020-03-29 06:00:00.000000', NULL, 1, 4, 7, 1, NULL);
INSERT INTO `egresos_egreso` (`id`, `monto`, `fecha`, `referencia`, `descripcion`, `ejercicio`, `folio_recibo`, `fecha_creacion`, `fecha_edicion`, `estatus`, `tipo_egreso_id`, `tipo_ingreso_id`, `usuario_creacion_id`, `usuario_edicion_id`) VALUES(41, '96.70', '2019-07-01', 'EGRESOS/NUEVOEGRESO.PNG', 'ARTICULOS LIMPIEZA CASETA', 2019, 84, '2020-03-29 06:00:00.000000', NULL, 1, 2, 7, 1, NULL);
INSERT INTO `egresos_egreso` (`id`, `monto`, `fecha`, `referencia`, `descripcion`, `ejercicio`, `folio_recibo`, `fecha_creacion`, `fecha_edicion`, `estatus`, `tipo_egreso_id`, `tipo_ingreso_id`, `usuario_creacion_id`, `usuario_edicion_id`) VALUES(42, '44.00', '2019-07-01', 'EGRESOS/NUEVOEGRESO.PNG', 'BOLIGRAFOS', 2019, 85, '2020-03-29 06:00:00.000000', NULL, 1, 5, 7, 1, NULL);
INSERT INTO `egresos_egreso` (`id`, `monto`, `fecha`, `referencia`, `descripcion`, `ejercicio`, `folio_recibo`, `fecha_creacion`, `fecha_edicion`, `estatus`, `tipo_egreso_id`, `tipo_ingreso_id`, `usuario_creacion_id`, `usuario_edicion_id`) VALUES(43, '85.00', '2019-07-01', 'EGRESOS/NUEVOEGRESO.PNG', 'FERULA TIPO SOMBRILLA', 2019, 86, '2020-03-29 06:00:00.000000', NULL, 1, 5, 7, 1, NULL);
INSERT INTO `egresos_egreso` (`id`, `monto`, `fecha`, `referencia`, `descripcion`, `ejercicio`, `folio_recibo`, `fecha_creacion`, `fecha_edicion`, `estatus`, `tipo_egreso_id`, `tipo_ingreso_id`, `usuario_creacion_id`, `usuario_edicion_id`) VALUES(44, '46.50', '2019-07-01', 'EGRESOS/NUEVOEGRESO.PNG', 'IMPRESIONES COLOR', 2019, 87, '2020-03-29 06:00:00.000000', NULL, 1, 5, 7, 1, NULL);
INSERT INTO `egresos_egreso` (`id`, `monto`, `fecha`, `referencia`, `descripcion`, `ejercicio`, `folio_recibo`, `fecha_creacion`, `fecha_edicion`, `estatus`, `tipo_egreso_id`, `tipo_ingreso_id`, `usuario_creacion_id`, `usuario_edicion_id`) VALUES(45, '14200.00', '2019-07-01', 'EGRESOS/NUEVOEGRESO.PNG', 'PAGO EMPRESA SEGURIDAD JULIO', 2019, 88, '2020-03-29 06:00:00.000000', NULL, 1, 1, 7, 1, NULL);
INSERT INTO `egresos_egreso` (`id`, `monto`, `fecha`, `referencia`, `descripcion`, `ejercicio`, `folio_recibo`, `fecha_creacion`, `fecha_edicion`, `estatus`, `tipo_egreso_id`, `tipo_ingreso_id`, `usuario_creacion_id`, `usuario_edicion_id`) VALUES(46, '800.00', '2019-07-01', 'EGRESOS/NUEVOEGRESO.PNG', 'RECOLECCIÓN DE BASURA JULIO', 2019, 89, '2020-03-29 06:00:00.000000', NULL, 1, 3, 7, 1, NULL);
INSERT INTO `egresos_egreso` (`id`, `monto`, `fecha`, `referencia`, `descripcion`, `ejercicio`, `folio_recibo`, `fecha_creacion`, `fecha_edicion`, `estatus`, `tipo_egreso_id`, `tipo_ingreso_id`, `usuario_creacion_id`, `usuario_edicion_id`) VALUES(47, '50.00', '2019-07-01', 'EGRESOS/NUEVOEGRESO.PNG', 'REPARACION BACHE', 2019, 90, '2020-03-29 06:00:00.000000', NULL, 1, 5, 7, 1, NULL);
INSERT INTO `egresos_egreso` (`id`, `monto`, `fecha`, `referencia`, `descripcion`, `ejercicio`, `folio_recibo`, `fecha_creacion`, `fecha_edicion`, `estatus`, `tipo_egreso_id`, `tipo_ingreso_id`, `usuario_creacion_id`, `usuario_edicion_id`) VALUES(48, '229.00', '2019-07-01', 'EGRESOS/NUEVOEGRESO.PNG', 'SERVICIO DE AGUA POTABLE CASETA JULIO', 2019, 91, '2020-03-29 06:00:00.000000', NULL, 1, 2, 7, 1, NULL);
INSERT INTO `egresos_egreso` (`id`, `monto`, `fecha`, `referencia`, `descripcion`, `ejercicio`, `folio_recibo`, `fecha_creacion`, `fecha_edicion`, `estatus`, `tipo_egreso_id`, `tipo_ingreso_id`, `usuario_creacion_id`, `usuario_edicion_id`) VALUES(49, '76.00', '2019-08-01', 'EGRESOS/NUEVOEGRESO.PNG', '4 GARRAFONES AGUA CASETA', 2019, 92, '2020-03-29 06:00:00.000000', NULL, 1, 2, 8, 1, NULL);
INSERT INTO `egresos_egreso` (`id`, `monto`, `fecha`, `referencia`, `descripcion`, `ejercicio`, `folio_recibo`, `fecha_creacion`, `fecha_edicion`, `estatus`, `tipo_egreso_id`, `tipo_ingreso_id`, `usuario_creacion_id`, `usuario_edicion_id`) VALUES(50, '112.90', '2019-08-01', 'EGRESOS/NUEVOEGRESO.PNG', 'ARTICULOS LIMPIEZA CASETA', 2019, 93, '2020-03-29 06:00:00.000000', NULL, 1, 2, 8, 1, NULL);
INSERT INTO `egresos_egreso` (`id`, `monto`, `fecha`, `referencia`, `descripcion`, `ejercicio`, `folio_recibo`, `fecha_creacion`, `fecha_edicion`, `estatus`, `tipo_egreso_id`, `tipo_ingreso_id`, `usuario_creacion_id`, `usuario_edicion_id`) VALUES(51, '54.00', '2019-08-01', 'EGRESOS/NUEVOEGRESO.PNG', 'BOLSA BASURA', 2019, 94, '2020-03-29 06:00:00.000000', NULL, 1, 5, 8, 1, NULL);
INSERT INTO `egresos_egreso` (`id`, `monto`, `fecha`, `referencia`, `descripcion`, `ejercicio`, `folio_recibo`, `fecha_creacion`, `fecha_edicion`, `estatus`, `tipo_egreso_id`, `tipo_ingreso_id`, `usuario_creacion_id`, `usuario_edicion_id`) VALUES(52, '14200.00', '2019-08-01', 'EGRESOS/NUEVOEGRESO.PNG', 'PAGO EMPRESA SEGURIDAD AGOSTO', 2019, 95, '2020-03-29 06:00:00.000000', NULL, 1, 1, 8, 1, NULL);
INSERT INTO `egresos_egreso` (`id`, `monto`, `fecha`, `referencia`, `descripcion`, `ejercicio`, `folio_recibo`, `fecha_creacion`, `fecha_edicion`, `estatus`, `tipo_egreso_id`, `tipo_ingreso_id`, `usuario_creacion_id`, `usuario_edicion_id`) VALUES(53, '800.00', '2019-08-01', 'EGRESOS/NUEVOEGRESO.PNG', 'RECOLECCIÓN DE BASURA AGOSTO', 2019, 96, '2020-03-29 06:00:00.000000', NULL, 1, 3, 8, 1, NULL);
INSERT INTO `egresos_egreso` (`id`, `monto`, `fecha`, `referencia`, `descripcion`, `ejercicio`, `folio_recibo`, `fecha_creacion`, `fecha_edicion`, `estatus`, `tipo_egreso_id`, `tipo_ingreso_id`, `usuario_creacion_id`, `usuario_edicion_id`) VALUES(54, '229.00', '2019-08-01', 'EGRESOS/NUEVOEGRESO.PNG', 'SERVICIO DE AGUA POTABLE CASETA AGOSTO', 2019, 97, '2020-03-29 06:00:00.000000', NULL, 1, 2, 8, 1, NULL);
INSERT INTO `egresos_egreso` (`id`, `monto`, `fecha`, `referencia`, `descripcion`, `ejercicio`, `folio_recibo`, `fecha_creacion`, `fecha_edicion`, `estatus`, `tipo_egreso_id`, `tipo_ingreso_id`, `usuario_creacion_id`, `usuario_edicion_id`) VALUES(55, '76.00', '2019-09-01', 'EGRESOS/NUEVOEGRESO.PNG', '4 GARRAFONES AGUA CASETA', 2019, 98, '2020-03-29 06:00:00.000000', NULL, 1, 2, 9, 1, NULL);
INSERT INTO `egresos_egreso` (`id`, `monto`, `fecha`, `referencia`, `descripcion`, `ejercicio`, `folio_recibo`, `fecha_creacion`, `fecha_edicion`, `estatus`, `tipo_egreso_id`, `tipo_ingreso_id`, `usuario_creacion_id`, `usuario_edicion_id`) VALUES(56, '100.00', '2019-09-01', 'EGRESOS/NUEVOEGRESO.PNG', 'ABONO PAQUETE TELCEL', 2019, 99, '2020-03-29 06:00:00.000000', NULL, 1, 4, 9, 1, NULL);
INSERT INTO `egresos_egreso` (`id`, `monto`, `fecha`, `referencia`, `descripcion`, `ejercicio`, `folio_recibo`, `fecha_creacion`, `fecha_edicion`, `estatus`, `tipo_egreso_id`, `tipo_ingreso_id`, `usuario_creacion_id`, `usuario_edicion_id`) VALUES(57, '95.10', '2019-09-01', 'EGRESOS/NUEVOEGRESO.PNG', 'ARTICULOS LIMPIEZA CASETA  Y  CANDADOS', 2019, 100, '2020-03-29 06:00:00.000000', NULL, 1, 2, 9, 1, NULL);
INSERT INTO `egresos_egreso` (`id`, `monto`, `fecha`, `referencia`, `descripcion`, `ejercicio`, `folio_recibo`, `fecha_creacion`, `fecha_edicion`, `estatus`, `tipo_egreso_id`, `tipo_ingreso_id`, `usuario_creacion_id`, `usuario_edicion_id`) VALUES(58, '180.00', '2019-09-01', 'EGRESOS/NUEVOEGRESO.PNG', 'CANDADOS Y CADENA', 2019, 101, '2020-03-29 06:00:00.000000', NULL, 1, 5, 9, 1, NULL);
INSERT INTO `egresos_egreso` (`id`, `monto`, `fecha`, `referencia`, `descripcion`, `ejercicio`, `folio_recibo`, `fecha_creacion`, `fecha_edicion`, `estatus`, `tipo_egreso_id`, `tipo_ingreso_id`, `usuario_creacion_id`, `usuario_edicion_id`) VALUES(59, '14200.00', '2019-09-01', 'EGRESOS/NUEVOEGRESO.PNG', 'PAGO EMPRESA SEGURIDAD SEPTIEMBRE', 2019, 102, '2020-03-29 06:00:00.000000', NULL, 1, 1, 9, 1, NULL);
INSERT INTO `egresos_egreso` (`id`, `monto`, `fecha`, `referencia`, `descripcion`, `ejercicio`, `folio_recibo`, `fecha_creacion`, `fecha_edicion`, `estatus`, `tipo_egreso_id`, `tipo_ingreso_id`, `usuario_creacion_id`, `usuario_edicion_id`) VALUES(60, '100.00', '2019-09-01', 'EGRESOS/NUEVOEGRESO.PNG', 'PAGO LIMPIEZA ARENA', 2019, 103, '2020-03-29 06:00:00.000000', NULL, 1, 5, 9, 1, NULL);
INSERT INTO `egresos_egreso` (`id`, `monto`, `fecha`, `referencia`, `descripcion`, `ejercicio`, `folio_recibo`, `fecha_creacion`, `fecha_edicion`, `estatus`, `tipo_egreso_id`, `tipo_ingreso_id`, `usuario_creacion_id`, `usuario_edicion_id`) VALUES(61, '800.00', '2019-09-01', 'EGRESOS/NUEVOEGRESO.PNG', 'RECOLECCIÓN DE BASURA SEPTIEMBRE', 2019, 104, '2020-03-29 06:00:00.000000', NULL, 1, 3, 9, 1, NULL);
INSERT INTO `egresos_egreso` (`id`, `monto`, `fecha`, `referencia`, `descripcion`, `ejercicio`, `folio_recibo`, `fecha_creacion`, `fecha_edicion`, `estatus`, `tipo_egreso_id`, `tipo_ingreso_id`, `usuario_creacion_id`, `usuario_edicion_id`) VALUES(62, '229.00', '2019-09-01', 'EGRESOS/NUEVOEGRESO.PNG', 'SERVICIO DE AGUA POTABLE CASETA SEPTIEMBRE', 2019, 105, '2020-03-29 06:00:00.000000', NULL, 1, 2, 9, 1, NULL);
INSERT INTO `egresos_egreso` (`id`, `monto`, `fecha`, `referencia`, `descripcion`, `ejercicio`, `folio_recibo`, `fecha_creacion`, `fecha_edicion`, `estatus`, `tipo_egreso_id`, `tipo_ingreso_id`, `usuario_creacion_id`, `usuario_edicion_id`) VALUES(63, '110.50', '2019-10-01', 'EGRESOS/NUEVOEGRESO.PNG', 'ARTICULOS LIMPIEZA CASETA', 2019, 106, '2020-03-29 06:00:00.000000', NULL, 1, 2, 10, 1, NULL);
INSERT INTO `egresos_egreso` (`id`, `monto`, `fecha`, `referencia`, `descripcion`, `ejercicio`, `folio_recibo`, `fecha_creacion`, `fecha_edicion`, `estatus`, `tipo_egreso_id`, `tipo_ingreso_id`, `usuario_creacion_id`, `usuario_edicion_id`) VALUES(64, '14200.00', '2019-10-01', 'EGRESOS/NUEVOEGRESO.PNG', 'PAGO EMPRESA SEGURIDAD OCTUBRE', 2019, 107, '2020-03-29 06:00:00.000000', NULL, 1, 1, 10, 1, NULL);
INSERT INTO `egresos_egreso` (`id`, `monto`, `fecha`, `referencia`, `descripcion`, `ejercicio`, `folio_recibo`, `fecha_creacion`, `fecha_edicion`, `estatus`, `tipo_egreso_id`, `tipo_ingreso_id`, `usuario_creacion_id`, `usuario_edicion_id`) VALUES(65, '800.00', '2019-10-01', 'EGRESOS/NUEVOEGRESO.PNG', 'RECOLECCIÓN DE BASURA OCTUBRE', 2019, 108, '2020-03-29 06:00:00.000000', NULL, 1, 3, 10, 1, NULL);
INSERT INTO `egresos_egreso` (`id`, `monto`, `fecha`, `referencia`, `descripcion`, `ejercicio`, `folio_recibo`, `fecha_creacion`, `fecha_edicion`, `estatus`, `tipo_egreso_id`, `tipo_ingreso_id`, `usuario_creacion_id`, `usuario_edicion_id`) VALUES(66, '229.00', '2019-10-01', 'EGRESOS/NUEVOEGRESO.PNG', 'SERVICIO DE AGUA POTABLE CASETA OCTUBRE', 2019, 109, '2020-03-29 06:00:00.000000', NULL, 1, 2, 10, 1, NULL);
INSERT INTO `egresos_egreso` (`id`, `monto`, `fecha`, `referencia`, `descripcion`, `ejercicio`, `folio_recibo`, `fecha_creacion`, `fecha_edicion`, `estatus`, `tipo_egreso_id`, `tipo_ingreso_id`, `usuario_creacion_id`, `usuario_edicion_id`) VALUES(67, '76.00', '2019-11-01', 'EGRESOS/NUEVOEGRESO.PNG', '4 GARRAFONES AGUA CASETA', 2019, 110, '2020-03-29 06:00:00.000000', NULL, 1, 2, 11, 1, NULL);
INSERT INTO `egresos_egreso` (`id`, `monto`, `fecha`, `referencia`, `descripcion`, `ejercicio`, `folio_recibo`, `fecha_creacion`, `fecha_edicion`, `estatus`, `tipo_egreso_id`, `tipo_ingreso_id`, `usuario_creacion_id`, `usuario_edicion_id`) VALUES(68, '100.00', '2019-11-01', 'EGRESOS/NUEVOEGRESO.PNG', 'ABONO PAQUETE TELCEL', 2019, 111, '2020-03-29 06:00:00.000000', NULL, 1, 4, 11, 1, NULL);
INSERT INTO `egresos_egreso` (`id`, `monto`, `fecha`, `referencia`, `descripcion`, `ejercicio`, `folio_recibo`, `fecha_creacion`, `fecha_edicion`, `estatus`, `tipo_egreso_id`, `tipo_ingreso_id`, `usuario_creacion_id`, `usuario_edicion_id`) VALUES(69, '2000.00', '2019-11-01', 'EGRESOS/NUEVOEGRESO.PNG', 'APOYO DIA DE MUERTOS VIGILANTE', 2019, 112, '2020-03-29 06:00:00.000000', NULL, 1, 2, 11, 1, NULL);
INSERT INTO `egresos_egreso` (`id`, `monto`, `fecha`, `referencia`, `descripcion`, `ejercicio`, `folio_recibo`, `fecha_creacion`, `fecha_edicion`, `estatus`, `tipo_egreso_id`, `tipo_ingreso_id`, `usuario_creacion_id`, `usuario_edicion_id`) VALUES(70, '619.50', '2019-11-01', 'EGRESOS/NUEVOEGRESO.PNG', 'ARTICULOS LIMPIEZA CAFETERIA', 2019, 113, '2020-03-29 06:00:00.000000', NULL, 1, 5, 11, 1, NULL);
INSERT INTO `egresos_egreso` (`id`, `monto`, `fecha`, `referencia`, `descripcion`, `ejercicio`, `folio_recibo`, `fecha_creacion`, `fecha_edicion`, `estatus`, `tipo_egreso_id`, `tipo_ingreso_id`, `usuario_creacion_id`, `usuario_edicion_id`) VALUES(71, '100.00', '2019-11-01', 'EGRESOS/NUEVOEGRESO.PNG', 'LIMPIEZA ENTRADA PRIVADA', 2019, 114, '2020-03-29 06:00:00.000000', NULL, 1, 5, 11, 1, NULL);
INSERT INTO `egresos_egreso` (`id`, `monto`, `fecha`, `referencia`, `descripcion`, `ejercicio`, `folio_recibo`, `fecha_creacion`, `fecha_edicion`, `estatus`, `tipo_egreso_id`, `tipo_ingreso_id`, `usuario_creacion_id`, `usuario_edicion_id`) VALUES(72, '11195.00', '2019-11-01', 'EGRESOS/NUEVOEGRESO.PNG', 'MANTENIMIENTO PRIVADA 2019', 2019, 115, '2020-03-29 06:00:00.000000', NULL, 1, 5, 11, 1, NULL);
INSERT INTO `egresos_egreso` (`id`, `monto`, `fecha`, `referencia`, `descripcion`, `ejercicio`, `folio_recibo`, `fecha_creacion`, `fecha_edicion`, `estatus`, `tipo_egreso_id`, `tipo_ingreso_id`, `usuario_creacion_id`, `usuario_edicion_id`) VALUES(73, '14200.00', '2019-11-01', 'EGRESOS/NUEVOEGRESO.PNG', 'PAGO EMPRESA SEGURIDAD NOVIEMBRE', 2019, 116, '2020-03-29 06:00:00.000000', NULL, 1, 1, 11, 1, NULL);
INSERT INTO `egresos_egreso` (`id`, `monto`, `fecha`, `referencia`, `descripcion`, `ejercicio`, `folio_recibo`, `fecha_creacion`, `fecha_edicion`, `estatus`, `tipo_egreso_id`, `tipo_ingreso_id`, `usuario_creacion_id`, `usuario_edicion_id`) VALUES(74, '2950.00', '2019-11-01', 'EGRESOS/NUEVOEGRESO.PNG', 'PAN DE MUERTO 2019', 2019, 117, '2020-03-29 06:00:00.000000', NULL, 1, 5, 11, 1, NULL);
INSERT INTO `egresos_egreso` (`id`, `monto`, `fecha`, `referencia`, `descripcion`, `ejercicio`, `folio_recibo`, `fecha_creacion`, `fecha_edicion`, `estatus`, `tipo_egreso_id`, `tipo_ingreso_id`, `usuario_creacion_id`, `usuario_edicion_id`) VALUES(75, '204.30', '2019-11-01', 'EGRESOS/NUEVOEGRESO.PNG', 'PAPELERIA ADMINISTRACION', 2019, 118, '2020-03-29 06:00:00.000000', NULL, 1, 5, 11, 1, NULL);
INSERT INTO `egresos_egreso` (`id`, `monto`, `fecha`, `referencia`, `descripcion`, `ejercicio`, `folio_recibo`, `fecha_creacion`, `fecha_edicion`, `estatus`, `tipo_egreso_id`, `tipo_ingreso_id`, `usuario_creacion_id`, `usuario_edicion_id`) VALUES(76, '800.00', '2019-11-01', 'EGRESOS/NUEVOEGRESO.PNG', 'RECOLECCIÓN DE BASURA NOVIEMBRE', 2019, 119, '2020-03-29 06:00:00.000000', NULL, 1, 3, 11, 1, NULL);
INSERT INTO `egresos_egreso` (`id`, `monto`, `fecha`, `referencia`, `descripcion`, `ejercicio`, `folio_recibo`, `fecha_creacion`, `fecha_edicion`, `estatus`, `tipo_egreso_id`, `tipo_ingreso_id`, `usuario_creacion_id`, `usuario_edicion_id`) VALUES(77, '229.00', '2019-11-01', 'EGRESOS/NUEVOEGRESO.PNG', 'SERVICIO DE AGUA POTABLE CASETA NOVIEMBRE', 2019, 120, '2020-03-29 06:00:00.000000', NULL, 1, 2, 11, 1, NULL);
INSERT INTO `egresos_egreso` (`id`, `monto`, `fecha`, `referencia`, `descripcion`, `ejercicio`, `folio_recibo`, `fecha_creacion`, `fecha_edicion`, `estatus`, `tipo_egreso_id`, `tipo_ingreso_id`, `usuario_creacion_id`, `usuario_edicion_id`) VALUES(78, '80.00', '2019-12-01', 'EGRESOS/NUEVOEGRESO.PNG', '4 GARRAFONES AGUA CASETA', 2019, 121, '2020-03-29 06:00:00.000000', NULL, 1, 2, 12, 1, NULL);
INSERT INTO `egresos_egreso` (`id`, `monto`, `fecha`, `referencia`, `descripcion`, `ejercicio`, `folio_recibo`, `fecha_creacion`, `fecha_edicion`, `estatus`, `tipo_egreso_id`, `tipo_ingreso_id`, `usuario_creacion_id`, `usuario_edicion_id`) VALUES(79, '300.00', '2019-12-01', 'EGRESOS/NUEVOEGRESO.PNG', 'ABONO PAQUETE TELCEL', 2019, 122, '2020-03-29 06:00:00.000000', NULL, 1, 4, 12, 1, NULL);
INSERT INTO `egresos_egreso` (`id`, `monto`, `fecha`, `referencia`, `descripcion`, `ejercicio`, `folio_recibo`, `fecha_creacion`, `fecha_edicion`, `estatus`, `tipo_egreso_id`, `tipo_ingreso_id`, `usuario_creacion_id`, `usuario_edicion_id`) VALUES(80, '2400.00', '2019-12-01', 'EGRESOS/NUEVOEGRESO.PNG', 'APOYO NAVIDAD RONDINERO', 2019, 123, '2020-03-29 06:00:00.000000', NULL, 1, 2, 12, 1, NULL);
INSERT INTO `egresos_egreso` (`id`, `monto`, `fecha`, `referencia`, `descripcion`, `ejercicio`, `folio_recibo`, `fecha_creacion`, `fecha_edicion`, `estatus`, `tipo_egreso_id`, `tipo_ingreso_id`, `usuario_creacion_id`, `usuario_edicion_id`) VALUES(81, '349.00', '2019-12-01', 'EGRESOS/NUEVOEGRESO.PNG', 'ARTICULOS LIMPIEZA CAFETERIA', 2019, 124, '2020-03-29 06:00:00.000000', NULL, 1, 5, 12, 1, NULL);
INSERT INTO `egresos_egreso` (`id`, `monto`, `fecha`, `referencia`, `descripcion`, `ejercicio`, `folio_recibo`, `fecha_creacion`, `fecha_edicion`, `estatus`, `tipo_egreso_id`, `tipo_ingreso_id`, `usuario_creacion_id`, `usuario_edicion_id`) VALUES(82, '336.00', '2019-12-01', 'EGRESOS/NUEVOEGRESO.PNG', 'EXTENSIONES', 2019, 125, '2020-03-29 06:00:00.000000', NULL, 1, 5, 12, 1, NULL);
INSERT INTO `egresos_egreso` (`id`, `monto`, `fecha`, `referencia`, `descripcion`, `ejercicio`, `folio_recibo`, `fecha_creacion`, `fecha_edicion`, `estatus`, `tipo_egreso_id`, `tipo_ingreso_id`, `usuario_creacion_id`, `usuario_edicion_id`) VALUES(83, '200.00', '2019-12-01', 'EGRESOS/NUEVOEGRESO.PNG', 'LIMPIEZA ENTRADA PRIVADA', 2019, 126, '2020-03-29 06:00:00.000000', NULL, 1, 5, 12, 1, NULL);
INSERT INTO `egresos_egreso` (`id`, `monto`, `fecha`, `referencia`, `descripcion`, `ejercicio`, `folio_recibo`, `fecha_creacion`, `fecha_edicion`, `estatus`, `tipo_egreso_id`, `tipo_ingreso_id`, `usuario_creacion_id`, `usuario_edicion_id`) VALUES(84, '14200.00', '2019-12-01', 'EGRESOS/NUEVOEGRESO.PNG', 'PAGO EMPRESA SEGURIDAD DICIEMBRE', 2019, 127, '2020-03-29 06:00:00.000000', NULL, 1, 1, 12, 1, NULL);
INSERT INTO `egresos_egreso` (`id`, `monto`, `fecha`, `referencia`, `descripcion`, `ejercicio`, `folio_recibo`, `fecha_creacion`, `fecha_edicion`, `estatus`, `tipo_egreso_id`, `tipo_ingreso_id`, `usuario_creacion_id`, `usuario_edicion_id`) VALUES(85, '800.00', '2019-12-01', 'EGRESOS/NUEVOEGRESO.PNG', 'RECOLECCIÓN DE BASURA DICIEMBRE', 2019, 128, '2020-03-29 06:00:00.000000', NULL, 1, 3, 12, 1, NULL);
INSERT INTO `egresos_egreso` (`id`, `monto`, `fecha`, `referencia`, `descripcion`, `ejercicio`, `folio_recibo`, `fecha_creacion`, `fecha_edicion`, `estatus`, `tipo_egreso_id`, `tipo_ingreso_id`, `usuario_creacion_id`, `usuario_edicion_id`) VALUES(86, '229.00', '2019-12-01', 'EGRESOS/NUEVOEGRESO.PNG', 'SERVICIO DE AGUA POTABLE CASETA ', 2019, 129, '2020-03-29 06:00:00.000000', NULL, 1, 2, 12, 1, NULL);
INSERT INTO `egresos_egreso` (`id`, `monto`, `fecha`, `referencia`, `descripcion`, `ejercicio`, `folio_recibo`, `fecha_creacion`, `fecha_edicion`, `estatus`, `tipo_egreso_id`, `tipo_ingreso_id`, `usuario_creacion_id`, `usuario_edicion_id`) VALUES(87, '200.00', '2019-12-01', 'EGRESOS/NUEVOEGRESO.PNG', '10 PILAS CONTROL REMOTO', 2019, 130, '2020-03-29 06:00:00.000000', NULL, 1, 5, 12, 1, NULL);
INSERT INTO `egresos_egreso` (`id`, `monto`, `fecha`, `referencia`, `descripcion`, `ejercicio`, `folio_recibo`, `fecha_creacion`, `fecha_edicion`, `estatus`, `tipo_egreso_id`, `tipo_ingreso_id`, `usuario_creacion_id`, `usuario_edicion_id`) VALUES(88, '3300.00', '2019-12-01', 'EGRESOS/NUEVOEGRESO.PNG', '20 CONTROL PLUMA', 2019, 131, '2020-03-29 06:00:00.000000', NULL, 1, 5, 12, 1, NULL);
INSERT INTO `egresos_egreso` (`id`, `monto`, `fecha`, `referencia`, `descripcion`, `ejercicio`, `folio_recibo`, `fecha_creacion`, `fecha_edicion`, `estatus`, `tipo_egreso_id`, `tipo_ingreso_id`, `usuario_creacion_id`, `usuario_edicion_id`) VALUES(89, '8500.00', '2019-12-01', 'EGRESOS/NUEVOEGRESO.PNG', '50 CONTROL REMOTO', 2019, 132, '2020-03-29 06:00:00.000000', NULL, 1, 5, 12, 1, NULL);
INSERT INTO `egresos_egreso` (`id`, `monto`, `fecha`, `referencia`, `descripcion`, `ejercicio`, `folio_recibo`, `fecha_creacion`, `fecha_edicion`, `estatus`, `tipo_egreso_id`, `tipo_ingreso_id`, `usuario_creacion_id`, `usuario_edicion_id`) VALUES(90, '333.78', '2019-12-01', 'EGRESOS/NUEVOEGRESO.PNG', 'PLUMA CABLE PARA PLUMA', 2019, 133, '2020-03-29 06:00:00.000000', NULL, 1, 5, 12, 1, NULL);
INSERT INTO `egresos_egreso` (`id`, `monto`, `fecha`, `referencia`, `descripcion`, `ejercicio`, `folio_recibo`, `fecha_creacion`, `fecha_edicion`, `estatus`, `tipo_egreso_id`, `tipo_ingreso_id`, `usuario_creacion_id`, `usuario_edicion_id`) VALUES(91, '827.00', '2019-12-01', 'EGRESOS/NUEVOEGRESO.PNG', 'MATERIAL ELECTRICO PLUMA', 2019, 134, '2020-03-29 06:00:00.000000', NULL, 1, 5, 12, 1, NULL);
INSERT INTO `egresos_egreso` (`id`, `monto`, `fecha`, `referencia`, `descripcion`, `ejercicio`, `folio_recibo`, `fecha_creacion`, `fecha_edicion`, `estatus`, `tipo_egreso_id`, `tipo_ingreso_id`, `usuario_creacion_id`, `usuario_edicion_id`) VALUES(92, '76.00', '2020-01-01', 'EGRESOS/NUEVOEGRESO.PNG', 'ENERO4 GARRAFONES AGUA CASETA', 2020, 135, '2020-03-29 06:00:00.000000', NULL, 1, 2, 1, 1, NULL);
INSERT INTO `egresos_egreso` (`id`, `monto`, `fecha`, `referencia`, `descripcion`, `ejercicio`, `folio_recibo`, `fecha_creacion`, `fecha_edicion`, `estatus`, `tipo_egreso_id`, `tipo_ingreso_id`, `usuario_creacion_id`, `usuario_edicion_id`) VALUES(93, '100.00', '2020-01-01', 'EGRESOS/NUEVOEGRESO.PNG', 'ABONO PAQUETE TELCEL', 2020, 136, '2020-03-29 06:00:00.000000', NULL, 1, 4, 1, 1, NULL);
INSERT INTO `egresos_egreso` (`id`, `monto`, `fecha`, `referencia`, `descripcion`, `ejercicio`, `folio_recibo`, `fecha_creacion`, `fecha_edicion`, `estatus`, `tipo_egreso_id`, `tipo_ingreso_id`, `usuario_creacion_id`, `usuario_edicion_id`) VALUES(94, '116.90', '2020-01-01', 'EGRESOS/NUEVOEGRESO.PNG', 'ARTICULOS LIMPIEZA CAFETERIA', 2020, 137, '2020-03-29 06:00:00.000000', NULL, 1, 5, 1, 1, NULL);
INSERT INTO `egresos_egreso` (`id`, `monto`, `fecha`, `referencia`, `descripcion`, `ejercicio`, `folio_recibo`, `fecha_creacion`, `fecha_edicion`, `estatus`, `tipo_egreso_id`, `tipo_ingreso_id`, `usuario_creacion_id`, `usuario_edicion_id`) VALUES(95, '250.00', '2020-01-01', 'EGRESOS/NUEVOEGRESO.PNG', 'LIMPIEZA ENTRADA PRIVADA', 2020, 138, '2020-03-29 06:00:00.000000', NULL, 1, 5, 1, 1, NULL);
INSERT INTO `egresos_egreso` (`id`, `monto`, `fecha`, `referencia`, `descripcion`, `ejercicio`, `folio_recibo`, `fecha_creacion`, `fecha_edicion`, `estatus`, `tipo_egreso_id`, `tipo_ingreso_id`, `usuario_creacion_id`, `usuario_edicion_id`) VALUES(96, '14200.00', '2020-01-01', 'EGRESOS/NUEVOEGRESO.PNG', 'PAGO EMPRESA SEGURIDAD ENERO 2020', 2020, 139, '2020-03-29 06:00:00.000000', NULL, 1, 1, 1, 1, NULL);
INSERT INTO `egresos_egreso` (`id`, `monto`, `fecha`, `referencia`, `descripcion`, `ejercicio`, `folio_recibo`, `fecha_creacion`, `fecha_edicion`, `estatus`, `tipo_egreso_id`, `tipo_ingreso_id`, `usuario_creacion_id`, `usuario_edicion_id`) VALUES(97, '229.00', '2020-01-01', 'EGRESOS/NUEVOEGRESO.PNG', 'SERVICIO DE AGUA POTABLE CASETA ', 2020, 140, '2020-03-29 06:00:00.000000', NULL, 1, 2, 1, 1, NULL);


INSERT INTO `mascotas_animal` (`id`, `nombre`, `fecha_creacion`, `fecha_edicion`, `estatus`, `usuario_creacion_id`, `usuario_edicion_id`) VALUES(1, 'PERRO', '2020-04-01 00:00:00.000000', '2020-04-01 00:00:00.000000', 1, 1, 1);
INSERT INTO `mascotas_raza` (`id`, `nombre`, `fecha_creacion`, `fecha_edicion`, `estatus`, `animal_id`, `usuario_creacion_id`, `usuario_edicion_id`) VALUES(1, 'LABRADOR', '2020-04-01 00:00:00.000000', '2020-04-01 00:00:00.000000', 1, 1, 1, 1);

INSERT INTO `vigilante_turno` (`id`, `horaInicio`, `horaFin`, `tipoJornada`, `fecha_creacion`, `fecha_edicion`, `estatus`, `usuario_creacion_id`, `usuario_edicion_id`) VALUES(1, '06:00:00.000000', '06:00:00.000000', '24', '2020-04-03 15:02:48.000000', '2020-04-03 15:02:50.000000', 1, 1, 1);

INSERT INTO `vigilante_vigilante` (`user_ptr_id`, `amaterno`, `genero`, `telefono`, `confirmado`, `fecha_inicio_servicio`, `fecha_fin_servicio`, `fecha_creacion`, `fecha_edicion`, `estatus`, `turno_id`, `usuario_creacion_id`, `usuario_edicion_id`) VALUES(276, '', 'M', '', '0', '2020-04-01 06:00:00.000000', NULL, '2020-04-03 06:00:00.000000', NULL, 1, 1, 1, NULL);
INSERT INTO `vigilante_vigilante` (`user_ptr_id`, `amaterno`, `genero`, `telefono`, `confirmado`, `fecha_inicio_servicio`, `fecha_fin_servicio`, `fecha_creacion`, `fecha_edicion`, `estatus`, `turno_id`, `usuario_creacion_id`, `usuario_edicion_id`) VALUES(277, '', 'F', '', '0', '2020-04-01 06:00:00.000000', NULL, '2020-04-03 06:00:00.000000', NULL, 1, 1, 1, NULL);

INSERT INTO `visitantes_tipopersonaajena` (`id`, `descripcion`, `fecha_creacion`, `fecha_edicion`, `estatus`, `usuario_creacion_id`, `usuario_edicion_id`) VALUES(1, 'VISITANTE', '2020-04-03 06:00:00.000000', NULL, 1, 1, NULL);

INSERT INTO `visitantes_personaajena` (`id`, `apaterno`, `amaterno`, `nombre`, `telefono`, `empresa`, `fecha_creacion`, `fecha_edicion`, `estatus`, `restriccion_acceso_id`, `tipo_id`, `usuario_creacion_id`, `usuario_edicion_id`) VALUES(17, 'JUAREZ', '', 'MILI', '', NULL, '2020-04-05 06:00:00.000000', NULL, 1, NULL, 1, 147, NULL);
INSERT INTO `visitantes_personaajena` (`id`, `apaterno`, `amaterno`, `nombre`, `telefono`, `empresa`, `fecha_creacion`, `fecha_edicion`, `estatus`, `restriccion_acceso_id`, `tipo_id`, `usuario_creacion_id`, `usuario_edicion_id`) VALUES(18, 'VEFRS', '', 'RGREFGV', '', NULL, '2020-04-05 06:00:00.000000', NULL, 1, NULL, 1, 147, NULL);
INSERT INTO `visitantes_personaajena` (`id`, `apaterno`, `amaterno`, `nombre`, `telefono`, `empresa`, `fecha_creacion`, `fecha_edicion`, `estatus`, `restriccion_acceso_id`, `tipo_id`, `usuario_creacion_id`, `usuario_edicion_id`) VALUES(19, 'RDHRDHTRDHT', '', 'JUJUHU', '', NULL, '2020-04-05 06:00:00.000000', NULL, 1, NULL, 1, 146, NULL);
INSERT INTO `visitantes_personaajena` (`id`, `apaterno`, `amaterno`, `nombre`, `telefono`, `empresa`, `fecha_creacion`, `fecha_edicion`, `estatus`, `restriccion_acceso_id`, `tipo_id`, `usuario_creacion_id`, `usuario_edicion_id`) VALUES(20, 'DAVILA', '', 'YAIR', '', NULL, '2020-04-06 05:00:00.000000', NULL, 1, NULL, 1, 146, NULL);
INSERT INTO `visitantes_personaajena` (`id`, `apaterno`, `amaterno`, `nombre`, `telefono`, `empresa`, `fecha_creacion`, `fecha_edicion`, `estatus`, `restriccion_acceso_id`, `tipo_id`, `usuario_creacion_id`, `usuario_edicion_id`) VALUES(21, 'DAVILA', '', 'YAIR', '', NULL, '2020-04-06 05:00:00.000000', NULL, 1, NULL, 1, 146, NULL);

INSERT INTO `visitantes_visitaautorizada` (`id`, `fecha`, `hora_entrada`, `hora_salida`, `identificacion`, `numero_personas`, `foto`, `tipo_acceso`, `fecha_estimada`, `hora_estimada_min`, `hora_estimada_max`, `fecha_creacion`, `fecha_edicion`, `estatus`, `colono_id`, `persona_ajena_id`, `usuario_creacion_id`, `usuario_edicion_id`) VALUES(16, '2020-04-05 07:12:56.689148', '01:12:00.000000', '01:13:00.000000', 'INE', 12, '', '1', '2020-04-05 06:00:00.000000', '00:58:00.000000', '00:58:00.000000', '2020-04-05 06:00:00.000000', NULL, 1, 160, 17, 277, NULL);
INSERT INTO `visitantes_visitaautorizada` (`id`, `fecha`, `hora_entrada`, `hora_salida`, `identificacion`, `numero_personas`, `foto`, `tipo_acceso`, `fecha_estimada`, `hora_estimada_min`, `hora_estimada_max`, `fecha_creacion`, `fecha_edicion`, `estatus`, `colono_id`, `persona_ajena_id`, `usuario_creacion_id`, `usuario_edicion_id`) VALUES(17, '2020-04-05 07:16:20.057962', '01:16:00.000000', NULL, 'LC', 1, '', '1', '2020-04-05 06:00:00.000000', '01:15:00.000000', '01:15:00.000000', '2020-04-05 06:00:00.000000', NULL, 1, 147, 18, 277, NULL);
INSERT INTO `visitantes_visitaautorizada` (`id`, `fecha`, `hora_entrada`, `hora_salida`, `identificacion`, `numero_personas`, `foto`, `tipo_acceso`, `fecha_estimada`, `hora_estimada_min`, `hora_estimada_max`, `fecha_creacion`, `fecha_edicion`, `estatus`, `colono_id`, `persona_ajena_id`, `usuario_creacion_id`, `usuario_edicion_id`) VALUES(18, '2020-04-05 07:34:46.900855', '01:34:00.000000', NULL, 'INE', 6, 'visitaautorizada/34.jpg', '1', '2020-04-05 06:00:00.000000', '01:22:00.000000', '01:22:00.000000', '2020-04-05 06:00:00.000000', NULL, 1, 146, 19, 277, NULL);
INSERT INTO `visitantes_visitaautorizada` (`id`, `fecha`, `hora_entrada`, `hora_salida`, `identificacion`, `numero_personas`, `foto`, `tipo_acceso`, `fecha_estimada`, `hora_estimada_min`, `hora_estimada_max`, `fecha_creacion`, `fecha_edicion`, `estatus`, `colono_id`, `persona_ajena_id`, `usuario_creacion_id`, `usuario_edicion_id`) VALUES(19, '2020-04-07 03:31:31.573026', '22:31:00.000000', NULL, 'INE', 5, 'visitaautorizada/32.png', '1', '2020-04-06 05:00:00.000000', '13:37:00.000000', '13:37:00.000000', '2020-04-06 05:00:00.000000', NULL, 1, 146, 20, 277, NULL);
INSERT INTO `visitantes_visitaautorizada` (`id`, `fecha`, `hora_entrada`, `hora_salida`, `identificacion`, `numero_personas`, `foto`, `tipo_acceso`, `fecha_estimada`, `hora_estimada_min`, `hora_estimada_max`, `fecha_creacion`, `fecha_edicion`, `estatus`, `colono_id`, `persona_ajena_id`, `usuario_creacion_id`, `usuario_edicion_id`) VALUES(20, NULL, NULL, NULL, NULL, 5, '', '1', '2020-04-06 05:00:00.000000', '13:37:00.000000', '13:37:00.000000', '2020-04-06 05:00:00.000000', NULL, 1, 146, 21, 277, NULL);

INSERT INTO `visitantes_vehiculovisitante` (`id`, `fecha`, `placas`, `color`, `marca`, `linea`, `tipo`, `foto`, `fecha_creacion`, `fecha_edicion`, `estatus`, `usuario_creacion_id`, `usuario_edicion_id`, `visita_autorizada_id`) VALUES(16, NULL, '', '', '', '', '', '', '2020-04-05 06:00:00.000000', NULL, 1, 147, NULL, 16);
INSERT INTO `visitantes_vehiculovisitante` (`id`, `fecha`, `placas`, `color`, `marca`, `linea`, `tipo`, `foto`, `fecha_creacion`, `fecha_edicion`, `estatus`, `usuario_creacion_id`, `usuario_edicion_id`, `visita_autorizada_id`) VALUES(17, NULL, '', '', '', '', '', '', '2020-04-05 06:00:00.000000', NULL, 1, 147, NULL, 17);
INSERT INTO `visitantes_vehiculovisitante` (`id`, `fecha`, `placas`, `color`, `marca`, `linea`, `tipo`, `foto`, `fecha_creacion`, `fecha_edicion`, `estatus`, `usuario_creacion_id`, `usuario_edicion_id`, `visita_autorizada_id`) VALUES(18, NULL, '', '', '', '', '', '', '2020-04-05 06:00:00.000000', NULL, 1, 146, NULL, 18);
INSERT INTO `visitantes_vehiculovisitante` (`id`, `fecha`, `placas`, `color`, `marca`, `linea`, `tipo`, `foto`, `fecha_creacion`, `fecha_edicion`, `estatus`, `usuario_creacion_id`, `usuario_edicion_id`, `visita_autorizada_id`) VALUES(19, NULL, '', 'V', 'NISSAN', '', '', '', '2020-04-06 05:00:00.000000', NULL, 1, 146, NULL, 19);
INSERT INTO `visitantes_vehiculovisitante` (`id`, `fecha`, `placas`, `color`, `marca`, `linea`, `tipo`, `foto`, `fecha_creacion`, `fecha_edicion`, `estatus`, `usuario_creacion_id`, `usuario_edicion_id`, `visita_autorizada_id`) VALUES(20, NULL, '', 'V', 'NISSAN', '', '', '', '2020-04-06 05:00:00.000000', NULL, 1, 146, NULL, 20);


INSERT INTO `anuncios_imagenanuncios` (`id`, `titulo`, `foto`, `fecha_creacion`, `fecha_edicion`, `estatus`, `usuario_creacion_id`, `usuario_edicion_id`) VALUES(1, 'nuevo', 'ImagenAnuncios/Labrador-mayor-2.jpg', '2020-04-11 05:00:00.000000', NULL, 1, 1, NULL);
INSERT INTO `anuncios_imagenanuncios` (`id`, `titulo`, `foto`, `fecha_creacion`, `fecha_edicion`, `estatus`, `usuario_creacion_id`, `usuario_edicion_id`) VALUES(2, 'hnd', 'ImagenAnuncios/Labrador-mayor-2.jpg', '2020-04-11 00:00:00.000000', NULL, 1, 1, NULL);
INSERT INTO `areasComunes_areacomun` (`id`, `area_comun`, `ubicacion`, `hora_inicio_servicio`, `hora_fin_servicio`, `fecha_creacion`, `fecha_edicion`, `estatus`, `dias_servicios_id`, `usuario_creacion_id`, `usuario_edicion_id`) VALUES(1, 'PALAPA', 'CENTRO', '04:00:00.000000', '18:00:00.000000', '2020-04-11 05:00:00.000000', NULL, 1, 4, 1, NULL);
INSERT INTO `areasComunes_diasservicio` (`id`, `descripcion`, `fecha_creacion`, `fecha_edicion`, `estatus`, `usuario_creacion_id`, `usuario_edicion_id`) VALUES(1, 'Lunes, Martes, Miercoles, Jueves, Viernes', '2020-04-12 02:26:52.000000', '2020-04-12 02:26:53.000000', 1, 1, 1);
INSERT INTO `areasComunes_diasservicio` (`id`, `descripcion`, `fecha_creacion`, `fecha_edicion`, `estatus`, `usuario_creacion_id`, `usuario_edicion_id`) VALUES(2, 'Lunes, Martes, Miercoles, Jueves, Viernes, Sabado, Domingo', '2020-04-12 02:27:44.000000', '2020-04-12 02:27:45.000000', 1, 1, 1);
INSERT INTO `areasComunes_diasservicio` (`id`, `descripcion`, `fecha_creacion`, `fecha_edicion`, `estatus`, `usuario_creacion_id`, `usuario_edicion_id`) VALUES(3, 'Viernes, Sabado, Domingo', '2020-04-12 02:28:20.000000', '2020-04-12 02:28:20.000000', 1, 1, 1);
INSERT INTO `areasComunes_diasservicio` (`id`, `descripcion`, `fecha_creacion`, `fecha_edicion`, `estatus`, `usuario_creacion_id`, `usuario_edicion_id`) VALUES(4, 'Sabado,Domingo', '2020-04-12 02:28:46.000000', '2020-04-12 02:28:47.000000', 1, 1, 1);

INSERT INTO `areasComunes_tipoevento` (`id`, `descripcion`, `fecha_creacion`, `fecha_edicion`, `estatus`, `usuario_creacion_id`, `usuario_edicion_id`) VALUES(1, 'FIESTA INFANTIL', '2020-04-11 05:00:00.000000', NULL, 1, 1, NULL);
INSERT INTO `areasComunes_reservacion` (`id`, `fecha`, `hora_inicial`, `hora_final`, `observaciones`, `fecha_creacion`, `fecha_edicion`, `estatus`, `area_comun_id`, `colono_id`, `tipo_evento_id`, `usuario_creacion_id`, `usuario_edicion_id`) VALUES(1, '2020-04-13 05:00:00.000000', '19:00:00.000000', '23:00:00.000000', 'NADA', '2020-04-11 05:00:00.000000', NULL, 1, 1, 148, 1, 148, NULL);

INSERT INTO `asociaciones_administracion` (`id`, `nombre`, `fecha_inicio`, `fecha_fin`, `fecha_creacion`, `fecha_edicion`, `estatus`, `usuario_creacion_id`, `usuario_edicion_id`) VALUES(1, 'SIERRA DE NAGUATLATO', '2020-04-02 06:00:00.000000', '2020-04-10 05:00:00.000000', '2020-04-02 06:00:00.000000', NULL, 1, 1, NULL);
INSERT INTO `asociaciones_administracion` (`id`, `nombre`, `fecha_inicio`, `fecha_fin`, `fecha_creacion`, `fecha_edicion`, `estatus`, `usuario_creacion_id`, `usuario_edicion_id`) VALUES(2, 'SIERRA DE NAGUATLATO', '2020-04-02 06:00:00.000000', '2020-04-10 05:00:00.000000', '2020-04-02 06:00:00.000000', NULL, 1, 1, NULL);
INSERT INTO `asociaciones_administracion` (`id`, `nombre`, `fecha_inicio`, `fecha_fin`, `fecha_creacion`, `fecha_edicion`, `estatus`, `usuario_creacion_id`, `usuario_edicion_id`) VALUES(3, 'MI NOMBRE', '2020-04-04 06:00:00.000000', '2020-04-24 05:00:00.000000', '2020-04-02 06:00:00.000000', NULL, 1, 1, NULL);
INSERT INTO `asociaciones_puesto` (`id`, `descripcion`, `fecha_creacion`, `fecha_edicion`, `estatus`, `usuario_creacion_id`, `usuario_edicion_id`) VALUES(1, 'TESORERO', '2020-04-02 06:00:00.000000', NULL, 1, 1, NULL);
INSERT INTO `asociaciones_asociacion` (`id`, `fecha_inicio`, `fecha_fin`, `fecha_creacion`, `fecha_edicion`, `estatus`, `administracion_id`, `colono_id`, `puesto_id`, `usuario_creacion_id`, `usuario_edicion_id`) VALUES(1, '2020-04-03 06:00:00.000000', '2020-04-03 06:00:00.000000', '2020-04-02 06:00:00.000000', NULL, 1, 1, 275, 1, 1, NULL);
